dataset,task,metric,model,split,split_seed,model_seed,score,test_label,n_test,secs
bbb_martins,classification,auroc,xgboost,random,0,0,0.9215504720406681,0.7727,396,1.2
bbb_martins,classification,auroc,xgboost,random,0,1,0.9167211328976035,0.7727,396,1.0
bbb_martins,classification,auroc,xgboost,random,0,2,0.9223493100944081,0.7727,396,0.8
bbb_martins,classification,auroc,rf,random,0,0,0.9287218591140161,0.7727,396,1.4
bbb_martins,classification,auroc,rf,random,0,1,0.9266339869281045,0.7727,396,0.5
bbb_martins,classification,auroc,rf,random,0,2,0.9302650689905593,0.7727,396,0.5
bbb_martins,classification,auroc,xgboost,scaffold,0,0,0.8943055555555556,0.7576,396,0.8
bbb_martins,classification,auroc,xgboost,scaffold,0,1,0.8958333333333334,0.7576,396,0.8
bbb_martins,classification,auroc,xgboost,scaffold,0,2,0.8909722222222222,0.7576,396,0.8
bbb_martins,classification,auroc,rf,scaffold,0,0,0.9207291666666667,0.7576,396,0.5
bbb_martins,classification,auroc,rf,scaffold,0,1,0.9216666666666666,0.7576,396,0.5
bbb_martins,classification,auroc,rf,scaffold,0,2,0.9159201388888889,0.7576,396,0.5
bbb_martins,classification,auroc,xgboost,cluster,0,0,0.7308828814439166,0.8005,396,0.8
bbb_martins,classification,auroc,xgboost,cluster,0,1,0.7296849418999323,0.8005,396,0.8
bbb_martins,classification,auroc,xgboost,cluster,0,2,0.739667771433135,0.8005,396,0.8
bbb_martins,classification,auroc,rf,cluster,0,0,0.7360939184602484,0.8005,396,0.5
bbb_martins,classification,auroc,rf,cluster,0,1,0.7492512877850097,0.8005,396,0.5
bbb_martins,classification,auroc,rf,cluster,0,2,0.7431018647925568,0.8005,396,0.5
bbb_martins,classification,auroc,xgboost,random,1,0,0.8928680746862564,0.75,396,0.9
bbb_martins,classification,auroc,xgboost,random,1,1,0.8914396490154066,0.75,396,0.9
bbb_martins,classification,auroc,xgboost,random,1,2,0.8938543686018434,0.75,396,0.8
bbb_martins,classification,auroc,rf,random,1,0,0.9062850729517395,0.75,396,0.5
bbb_martins,classification,auroc,rf,random,1,1,0.9124579124579124,0.75,396,0.5
bbb_martins,classification,auroc,rf,random,1,2,0.9115396388123661,0.75,396,0.5
bbb_martins,classification,auroc,xgboost,scaffold,1,0,0.8871405721087675,0.7803,396,1.0
bbb_martins,classification,auroc,xgboost,scaffold,1,1,0.8737120113082617,0.7803,396,0.8
bbb_martins,classification,auroc,xgboost,scaffold,1,2,0.888107726072239,0.7803,396,0.9
bbb_martins,classification,auroc,rf,scaffold,1,0,0.8890004835769816,0.7803,396,0.5
bbb_martins,classification,auroc,rf,scaffold,1,1,0.8846296916266784,0.7803,396,0.9
bbb_martins,classification,auroc,rf,scaffold,1,2,0.8824163969795036,0.7803,396,1.2
bbb_martins,classification,auroc,xgboost,cluster,1,0,0.7407482799332329,0.8056,396,1.6
bbb_martins,classification,auroc,xgboost,cluster,1,1,0.7339901477832512,0.8056,396,1.2
bbb_martins,classification,auroc,xgboost,cluster,1,2,0.740300451899198,0.8056,396,1.3
bbb_martins,classification,auroc,rf,cluster,1,0,0.7592517200667671,0.8056,396,0.7
bbb_martins,classification,auroc,rf,cluster,1,1,0.7550584212026218,0.8056,396,0.7
bbb_martins,classification,auroc,rf,cluster,1,2,0.7511297479949518,0.8056,396,0.7
bbb_martins,classification,auroc,xgboost,random,2,0,0.9165621310507673,0.7778,396,1.4
bbb_martins,classification,auroc,xgboost,random,2,1,0.9118764757969304,0.7778,396,1.2
bbb_martins,classification,auroc,xgboost,random,2,2,0.9164514462809918,0.7778,396,1.3
bbb_martins,classification,auroc,rf,random,2,0,0.9128726387249114,0.7778,396,0.7
bbb_martins,classification,auroc,rf,random,2,1,0.9166543683589138,0.7778,396,0.7
bbb_martins,classification,auroc,rf,random,2,2,0.9142746458087367,0.7778,396,0.7
bbb_martins,classification,auroc,xgboost,scaffold,2,0,0.910081331567997,0.7854,396,1.5
bbb_martins,classification,auroc,xgboost,scaffold,2,1,0.9003215434083601,0.7854,396,1.4
bbb_martins,classification,auroc,xgboost,scaffold,2,2,0.9064876111216191,0.7854,396,1.3
bbb_martins,classification,auroc,rf,scaffold,2,0,0.8996406279553623,0.7854,396,0.7
bbb_martins,classification,auroc,rf,scaffold,2,1,0.9010592018157745,0.7854,396,0.6
bbb_martins,classification,auroc,rf,scaffold,2,2,0.9021940609041045,0.7854,396,0.6
bbb_martins,classification,auroc,xgboost,cluster,2,0,0.7577729430379746,0.798,396,1.3
bbb_martins,classification,auroc,xgboost,cluster,2,1,0.7544897151898734,0.798,396,1.8
bbb_martins,classification,auroc,xgboost,cluster,2,2,0.7684533227848102,0.798,396,1.4
bbb_martins,classification,auroc,rf,cluster,2,0,0.765625,0.798,396,0.7
bbb_martins,classification,auroc,rf,cluster,2,1,0.7774723101265824,0.798,396,0.7
bbb_martins,classification,auroc,rf,cluster,2,2,0.7738330696202532,0.798,396,0.5
bbb_martins,classification,auroc,xgboost,random,3,0,0.9254108260439923,0.7753,396,1.1
bbb_martins,classification,auroc,xgboost,random,3,1,0.9310105039710135,0.7753,396,0.9
bbb_martins,classification,auroc,xgboost,random,3,2,0.9300955239175785,0.7753,396,1.0
bbb_martins,classification,auroc,rf,random,3,0,0.9349449182007832,0.7753,396,0.8
bbb_martins,classification,auroc,rf,random,3,1,0.9344691285729971,0.7753,396,0.5
bbb_martins,classification,auroc,rf,random,3,2,0.9313764959923874,0.7753,396,0.5
bbb_martins,classification,auroc,xgboost,scaffold,3,0,0.9191390807810567,0.8005,396,0.9
bbb_martins,classification,auroc,xgboost,scaffold,3,1,0.9225731741404785,0.8005,396,0.9
bbb_martins,classification,auroc,xgboost,scaffold,3,2,0.9163838198298926,0.8005,396,0.9
bbb_martins,classification,auroc,rf,scaffold,3,0,0.906460887273889,0.8005,396,0.5
bbb_martins,classification,auroc,rf,scaffold,3,1,0.9084774188395959,0.8005,396,0.5
bbb_martins,classification,auroc,rf,scaffold,3,2,0.9080381743401351,0.8005,396,0.5
bbb_martins,classification,auroc,xgboost,cluster,3,0,0.7514833860759494,0.798,396,0.9
bbb_martins,classification,auroc,xgboost,cluster,3,1,0.7550435126582279,0.798,396,0.9
bbb_martins,classification,auroc,xgboost,cluster,3,2,0.762559335443038,0.798,396,0.9
bbb_martins,classification,auroc,rf,cluster,3,0,0.763014240506329,0.798,396,0.5
bbb_martins,classification,auroc,rf,cluster,3,1,0.7682950949367089,0.798,396,0.5
bbb_martins,classification,auroc,rf,cluster,3,2,0.7667128164556962,0.798,396,0.6
bbb_martins,classification,auroc,xgboost,random,4,0,0.9084821428571429,0.7879,396,0.9
bbb_martins,classification,auroc,xgboost,random,4,1,0.9092071123321124,0.7879,396,0.9
bbb_martins,classification,auroc,xgboost,random,4,2,0.9092071123321123,0.7879,396,0.8
bbb_martins,classification,auroc,rf,random,4,0,0.9036553724053725,0.7879,396,0.5
bbb_martins,classification,auroc,rf,random,4,1,0.9029113247863247,0.7879,396,0.5
bbb_martins,classification,auroc,rf,random,4,2,0.9097794566544567,0.7879,396,0.5
bbb_martins,classification,auroc,xgboost,scaffold,4,0,0.9039994096812278,0.7778,396,0.8
bbb_martins,classification,auroc,xgboost,scaffold,4,1,0.8851461038961038,0.7778,396,0.8
bbb_martins,classification,auroc,xgboost,scaffold,4,2,0.8903851829988193,0.7778,396,0.9
bbb_martins,classification,auroc,rf,scaffold,4,0,0.8913813459268005,0.7778,396,0.5
bbb_martins,classification,auroc,rf,scaffold,4,1,0.8935765938606849,0.7778,396,0.5
bbb_martins,classification,auroc,rf,scaffold,4,2,0.8890938606847698,0.7778,396,0.5
bbb_martins,classification,auroc,xgboost,cluster,4,0,0.759612341772152,0.798,396,0.8
bbb_martins,classification,auroc,xgboost,cluster,4,1,0.7630537974683546,0.798,396,0.8
bbb_martins,classification,auroc,xgboost,cluster,4,2,0.7557753164556962,0.798,396,0.9
bbb_martins,classification,auroc,rf,cluster,4,0,0.7726463607594937,0.798,396,0.5
bbb_martins,classification,auroc,rf,cluster,4,1,0.7627966772151897,0.798,396,0.5
bbb_martins,classification,auroc,rf,cluster,4,2,0.7591969936708862,0.798,396,0.5
caco2_wang,regression,mae,xgboost,random,0,0,0.3162305697646926,-5.201,182,0.8
caco2_wang,regression,mae,xgboost,random,0,1,0.3115574345767177,-5.201,182,0.8
caco2_wang,regression,mae,xgboost,random,0,2,0.3345908211987504,-5.201,182,0.7
caco2_wang,regression,mae,rf,random,0,0,0.3207449546603709,-5.201,182,1.7
caco2_wang,regression,mae,rf,random,0,1,0.32256316418546127,-5.201,182,1.6
caco2_wang,regression,mae,rf,random,0,2,0.32282740869464704,-5.201,182,1.6
caco2_wang,regression,mae,xgboost,scaffold,0,0,0.3873841657455444,-5.1604,182,0.7
caco2_wang,regression,mae,xgboost,scaffold,0,1,0.37141022706193183,-5.1604,182,0.7
caco2_wang,regression,mae,xgboost,scaffold,0,2,0.37690432090241155,-5.1604,182,0.7
caco2_wang,regression,mae,rf,scaffold,0,0,0.40906740414059045,-5.1604,182,1.5
caco2_wang,regression,mae,rf,scaffold,0,1,0.41079316453084463,-5.1604,182,1.5
caco2_wang,regression,mae,rf,scaffold,0,2,0.4119403566793836,-5.1604,182,1.5
caco2_wang,regression,mae,xgboost,cluster,0,0,0.40000818087681356,-5.0381,182,0.7
caco2_wang,regression,mae,xgboost,cluster,0,1,0.4215937318728939,-5.0381,182,0.7
caco2_wang,regression,mae,xgboost,cluster,0,2,0.422290285821399,-5.0381,182,0.7
caco2_wang,regression,mae,rf,cluster,0,0,0.41404308441378473,-5.0381,182,1.5
caco2_wang,regression,mae,rf,cluster,0,1,0.41050494442279184,-5.0381,182,1.5
caco2_wang,regression,mae,rf,cluster,0,2,0.4087620213239646,-5.0381,182,1.5
caco2_wang,regression,mae,xgboost,random,1,0,0.2852775808622255,-5.2195,182,0.7
caco2_wang,regression,mae,xgboost,random,1,1,0.28617724781363346,-5.2195,182,0.7
caco2_wang,regression,mae,xgboost,random,1,2,0.2862182210855672,-5.2195,182,0.7
caco2_wang,regression,mae,rf,random,1,0,0.30326662322567244,-5.2195,182,1.8
caco2_wang,regression,mae,rf,random,1,1,0.30263670033553197,-5.2195,182,1.7
caco2_wang,regression,mae,rf,random,1,2,0.30717810487305724,-5.2195,182,1.7
caco2_wang,regression,mae,xgboost,scaffold,1,0,0.4132030818033072,-5.1707,182,0.7
caco2_wang,regression,mae,xgboost,scaffold,1,1,0.4077919240567386,-5.1707,182,0.8
caco2_wang,regression,mae,xgboost,scaffold,1,2,0.41518899427570716,-5.1707,182,0.7
caco2_wang,regression,mae,rf,scaffold,1,0,0.4151556043834428,-5.1707,182,1.6
caco2_wang,regression,mae,rf,scaffold,1,1,0.4181180142011195,-5.1707,182,1.6
caco2_wang,regression,mae,rf,scaffold,1,2,0.41811572995857815,-5.1707,182,1.5
caco2_wang,regression,mae,xgboost,cluster,1,0,0.4347839864230649,-5.0439,182,0.7
caco2_wang,regression,mae,xgboost,cluster,1,1,0.426939176842088,-5.0439,182,0.7
caco2_wang,regression,mae,xgboost,cluster,1,2,0.4376594565151005,-5.0439,182,0.7
caco2_wang,regression,mae,rf,cluster,1,0,0.4359289399622159,-5.0439,182,1.6
caco2_wang,regression,mae,rf,cluster,1,1,0.4411803932473485,-5.0439,182,1.5
caco2_wang,regression,mae,rf,cluster,1,2,0.4402418044303734,-5.0439,182,1.6
caco2_wang,regression,mae,xgboost,random,2,0,0.3486498216600019,-5.2123,182,0.7
caco2_wang,regression,mae,xgboost,random,2,1,0.34590661884504037,-5.2123,182,0.7
caco2_wang,regression,mae,xgboost,random,2,2,0.3524923533099163,-5.2123,182,0.7
caco2_wang,regression,mae,rf,random,2,0,0.3435247553528282,-5.2123,182,1.6
caco2_wang,regression,mae,rf,random,2,1,0.34335873780122617,-5.2123,182,1.6
caco2_wang,regression,mae,rf,random,2,2,0.3452294760531187,-5.2123,182,1.6
caco2_wang,regression,mae,xgboost,scaffold,2,0,0.43402833057103407,-5.201,182,0.7
caco2_wang,regression,mae,xgboost,scaffold,2,1,0.4327538537464016,-5.201,182,0.7
caco2_wang,regression,mae,xgboost,scaffold,2,2,0.42881734205875605,-5.201,182,0.7
caco2_wang,regression,mae,rf,scaffold,2,0,0.43206761617975636,-5.201,182,1.6
caco2_wang,regression,mae,rf,scaffold,2,1,0.42913971251265615,-5.201,182,1.6
caco2_wang,regression,mae,rf,scaffold,2,2,0.4282172919501016,-5.201,182,1.7
caco2_wang,regression,mae,xgboost,cluster,2,0,0.4447810919166649,-5.0498,182,0.7
caco2_wang,regression,mae,xgboost,cluster,2,1,0.4501648440715746,-5.0498,182,0.8
caco2_wang,regression,mae,xgboost,cluster,2,2,0.44434280466063764,-5.0498,182,0.8
caco2_wang,regression,mae,rf,cluster,2,0,0.4364354115304983,-5.0498,182,1.6
caco2_wang,regression,mae,rf,cluster,2,1,0.4416902613312632,-5.0498,182,1.6
caco2_wang,regression,mae,rf,cluster,2,2,0.43830889899523595,-5.0498,182,1.5
caco2_wang,regression,mae,xgboost,random,3,0,0.3027997204882276,-5.2693,182,0.7
caco2_wang,regression,mae,xgboost,random,3,1,0.3016233473851467,-5.2693,182,0.7
caco2_wang,regression,mae,xgboost,random,3,2,0.30093015279051405,-5.2693,182,0.7
caco2_wang,regression,mae,rf,random,3,0,0.3265620436221105,-5.2693,182,1.7
caco2_wang,regression,mae,rf,random,3,1,0.3264217378647899,-5.2693,182,1.7
caco2_wang,regression,mae,rf,random,3,2,0.33122989273442943,-5.2693,182,1.7
caco2_wang,regression,mae,xgboost,scaffold,3,0,0.4493316763325784,-5.221,182,0.8
caco2_wang,regression,mae,xgboost,scaffold,3,1,0.45179136101775114,-5.221,182,0.7
caco2_wang,regression,mae,xgboost,scaffold,3,2,0.44451829576318747,-5.221,182,0.8
caco2_wang,regression,mae,rf,scaffold,3,0,0.4462149788159554,-5.221,182,1.6
caco2_wang,regression,mae,rf,scaffold,3,1,0.4476145049317122,-5.221,182,1.6
caco2_wang,regression,mae,rf,scaffold,3,2,0.4494950677128462,-5.221,182,1.6
caco2_wang,regression,mae,xgboost,cluster,3,0,0.4271202741979578,-5.0179,182,0.7
caco2_wang,regression,mae,xgboost,cluster,3,1,0.4156112917039138,-5.0179,182,0.7
caco2_wang,regression,mae,xgboost,cluster,3,2,0.4313138924940507,-5.0179,182,0.7
caco2_wang,regression,mae,rf,cluster,3,0,0.441503282290864,-5.0179,182,1.5
caco2_wang,regression,mae,rf,cluster,3,1,0.4407338466721796,-5.0179,182,1.5
caco2_wang,regression,mae,rf,cluster,3,2,0.43960094234501584,-5.0179,182,1.6
caco2_wang,regression,mae,xgboost,random,4,0,0.3290231089071421,-5.2454,182,1.1
caco2_wang,regression,mae,xgboost,random,4,1,0.339669318165471,-5.2454,182,1.0
caco2_wang,regression,mae,xgboost,random,4,2,0.3372107406757062,-5.2454,182,0.9
caco2_wang,regression,mae,rf,random,4,0,0.344081197927345,-5.2454,182,2.0
caco2_wang,regression,mae,rf,random,4,1,0.3468328897689572,-5.2454,182,2.0
caco2_wang,regression,mae,rf,random,4,2,0.3457553981334414,-5.2454,182,2.0
caco2_wang,regression,mae,xgboost,scaffold,4,0,0.4167286233468862,-5.1931,182,0.9
caco2_wang,regression,mae,xgboost,scaffold,4,1,0.4172134944092468,-5.1931,182,0.9
caco2_wang,regression,mae,xgboost,scaffold,4,2,0.4081301305144593,-5.1931,182,0.9
caco2_wang,regression,mae,rf,scaffold,4,0,0.4021078938958991,-5.1931,182,1.9
caco2_wang,regression,mae,rf,scaffold,4,1,0.40490642102233976,-5.1931,182,1.9
caco2_wang,regression,mae,rf,scaffold,4,2,0.4031429723286089,-5.1931,182,2.0
caco2_wang,regression,mae,xgboost,cluster,4,0,0.42553824539509866,-5.0082,182,0.8
caco2_wang,regression,mae,xgboost,cluster,4,1,0.4441049679579179,-5.0082,182,0.9
caco2_wang,regression,mae,xgboost,cluster,4,2,0.4302271362186977,-5.0082,182,0.9
caco2_wang,regression,mae,rf,cluster,4,0,0.4332828234203774,-5.0082,182,1.7
caco2_wang,regression,mae,rf,cluster,4,1,0.4317624314003979,-5.0082,182,1.6
caco2_wang,regression,mae,rf,cluster,4,2,0.4357439536892807,-5.0082,182,1.6
herg,classification,auroc,xgboost,random,0,0,0.864010989010989,0.6947,131,0.8
herg,classification,auroc,xgboost,random,0,1,0.8736263736263736,0.6947,131,0.8
herg,classification,auroc,xgboost,random,0,2,0.8771978021978022,0.6947,131,1.0
herg,classification,auroc,rf,random,0,0,0.870467032967033,0.6947,131,0.5
herg,classification,auroc,rf,random,0,1,0.8800824175824176,0.6947,131,0.4
herg,classification,auroc,rf,random,0,2,0.8714285714285714,0.6947,131,0.4
herg,classification,auroc,xgboost,scaffold,0,0,0.8664082687338501,0.6565,131,0.8
herg,classification,auroc,xgboost,scaffold,0,1,0.872093023255814,0.6565,131,0.8
herg,classification,auroc,xgboost,scaffold,0,2,0.8635658914728684,0.6565,131,0.8
herg,classification,auroc,rf,scaffold,0,0,0.8958656330749354,0.6565,131,0.4
herg,classification,auroc,rf,scaffold,0,1,0.9043927648578811,0.6565,131,0.4
herg,classification,auroc,rf,scaffold,0,2,0.9010335917312661,0.6565,131,0.4
herg,classification,auroc,xgboost,cluster,0,0,0.7635387488328664,0.5191,131,0.8
herg,classification,auroc,xgboost,cluster,0,1,0.7598039215686275,0.5191,131,0.8
herg,classification,auroc,xgboost,cluster,0,2,0.7819794584500468,0.5191,131,0.8
herg,classification,auroc,rf,cluster,0,0,0.7935340802987862,0.5191,131,0.4
herg,classification,auroc,rf,cluster,0,1,0.7889822595704948,0.5191,131,0.4
herg,classification,auroc,rf,cluster,0,2,0.7833800186741364,0.5191,131,0.4
herg,classification,auroc,xgboost,random,1,0,0.8528368794326241,0.6412,131,0.8
herg,classification,auroc,xgboost,random,1,1,0.8548632218844985,0.6412,131,0.8
herg,classification,auroc,xgboost,random,1,2,0.8558763931104357,0.6412,131,0.8
herg,classification,auroc,rf,random,1,0,0.8551165146909827,0.6412,131,0.4
herg,classification,auroc,rf,random,1,1,0.8604356636271531,0.6412,131,0.4
herg,classification,auroc,rf,random,1,2,0.8560030395136777,0.6412,131,0.4
herg,classification,auroc,xgboost,scaffold,1,0,0.8552696078431372,0.6107,131,0.8
herg,classification,auroc,xgboost,scaffold,1,1,0.853921568627451,0.6107,131,0.8
herg,classification,auroc,xgboost,scaffold,1,2,0.8525735294117647,0.6107,131,0.7
herg,classification,auroc,rf,scaffold,1,0,0.8984068627450981,0.6107,131,0.4
herg,classification,auroc,rf,scaffold,1,1,0.8924019607843138,0.6107,131,0.4
herg,classification,auroc,rf,scaffold,1,2,0.8920343137254902,0.6107,131,0.4
herg,classification,auroc,xgboost,cluster,1,0,0.8062033582089553,0.4885,131,0.8
herg,classification,auroc,xgboost,cluster,1,1,0.8094682835820896,0.4885,131,0.8
herg,classification,auroc,xgboost,cluster,1,2,0.7966417910447761,0.4885,131,0.8
herg,classification,auroc,rf,cluster,1,0,0.7711054104477612,0.4885,131,0.4
herg,classification,auroc,rf,cluster,1,1,0.7562966417910447,0.4885,131,0.4
herg,classification,auroc,rf,cluster,1,2,0.7778684701492538,0.4885,131,0.4
herg,classification,auroc,xgboost,random,2,0,0.7941820837390458,0.6031,131,0.8
herg,classification,auroc,xgboost,random,2,1,0.7905306718597856,0.6031,131,0.7
herg,classification,auroc,xgboost,random,2,2,0.7824975657254138,0.6031,131,0.8
herg,classification,auroc,rf,random,2,0,0.7938169425511198,0.6031,131,0.4
herg,classification,auroc,rf,random,2,1,0.799172346640701,0.6031,131,0.4
herg,classification,auroc,rf,random,2,2,0.800267770204479,0.6031,131,0.4
herg,classification,auroc,xgboost,scaffold,2,0,0.830574488802337,0.6031,131,0.7
herg,classification,auroc,xgboost,scaffold,2,1,0.8332521908471275,0.6031,131,0.7
herg,classification,auroc,xgboost,scaffold,2,2,0.8337390457643622,0.6031,131,0.8
herg,classification,auroc,rf,scaffold,2,0,0.8481012658227848,0.6031,131,0.4
herg,classification,auroc,rf,scaffold,2,1,0.8538218111002921,0.6031,131,0.4
herg,classification,auroc,rf,scaffold,2,2,0.8512658227848102,0.6031,131,0.4
herg,classification,auroc,xgboost,cluster,2,0,0.7843646669815778,0.4427,131,0.8
herg,classification,auroc,xgboost,cluster,2,1,0.7768068020784129,0.4427,131,0.7
herg,classification,auroc,xgboost,cluster,2,2,0.7831837505904582,0.4427,131,0.7
herg,classification,auroc,rf,cluster,2,0,0.7528341993386868,0.4427,131,0.4
herg,classification,auroc,rf,cluster,2,1,0.7671232876712328,0.4427,131,0.4
herg,classification,auroc,rf,cluster,2,2,0.7625177137458667,0.4427,131,0.4
herg,classification,auroc,xgboost,random,3,0,0.8032329988851727,0.7023,131,0.7
herg,classification,auroc,xgboost,random,3,1,0.8129877369007804,0.7023,131,0.7
herg,classification,auroc,xgboost,random,3,2,0.8163322185061315,0.7023,131,0.7
herg,classification,auroc,rf,random,3,0,0.8496376811594203,0.7023,131,0.4
herg,classification,auroc,rf,random,3,1,0.8422519509476032,0.7023,131,0.3
herg,classification,auroc,rf,random,3,2,0.8490802675585284,0.7023,131,0.4
herg,classification,auroc,xgboost,scaffold,3,0,0.819555975436939,0.5573,131,0.7
herg,classification,auroc,xgboost,scaffold,3,1,0.8294756731223427,0.5573,131,0.7
herg,classification,auroc,xgboost,scaffold,3,2,0.8169579593764762,0.5573,131,0.7
herg,classification,auroc,rf,scaffold,3,0,0.8464808691544639,0.5573,131,0.4
herg,classification,auroc,rf,scaffold,3,1,0.8488427019367029,0.5573,131,0.3
herg,classification,auroc,rf,scaffold,3,2,0.8434104865375531,0.5573,131,0.4
herg,classification,auroc,xgboost,cluster,3,0,0.7822128851540616,0.4809,131,0.8
herg,classification,auroc,xgboost,cluster,3,1,0.7756769374416433,0.4809,131,0.8
herg,classification,auroc,xgboost,cluster,3,2,0.7735760971055089,0.4809,131,0.7
herg,classification,auroc,rf,cluster,3,0,0.7690242763772175,0.4809,131,0.4
herg,classification,auroc,rf,cluster,3,1,0.7719421101774043,0.4809,131,0.4
herg,classification,auroc,rf,cluster,3,2,0.7600373482726425,0.4809,131,0.4
herg,classification,auroc,xgboost,random,4,0,0.859478021978022,0.6947,131,0.8
herg,classification,auroc,xgboost,random,4,1,0.8740384615384615,0.6947,131,0.7
herg,classification,auroc,xgboost,random,4,2,0.8751373626373626,0.6947,131,0.7
herg,classification,auroc,rf,random,4,0,0.8862637362637362,0.6947,131,0.4
herg,classification,auroc,rf,random,4,1,0.8842032967032967,0.6947,131,0.4
herg,classification,auroc,rf,random,4,2,0.8847527472527472,0.6947,131,0.4
herg,classification,auroc,xgboost,scaffold,4,0,0.8541963015647226,0.5649,131,0.7
herg,classification,auroc,xgboost,scaffold,4,1,0.8482693219535324,0.5649,131,0.8
herg,classification,auroc,xgboost,scaffold,4,2,0.8494547178757705,0.5649,131,0.8
herg,classification,auroc,rf,scaffold,4,0,0.8815789473684211,0.5649,131,0.4
herg,classification,auroc,rf,scaffold,4,1,0.8879800853485065,0.5649,131,0.4
herg,classification,auroc,rf,scaffold,4,2,0.8840682788051211,0.5649,131,0.4
herg,classification,auroc,xgboost,cluster,4,0,0.8120335820895523,0.4885,131,0.8
herg,classification,auroc,xgboost,cluster,4,1,0.804804104477612,0.4885,131,0.8
herg,classification,auroc,xgboost,cluster,4,2,0.7996735074626867,0.4885,131,0.8
herg,classification,auroc,rf,cluster,4,0,0.777402052238806,0.4885,131,0.4
herg,classification,auroc,rf,cluster,4,1,0.7881296641791045,0.4885,131,0.4
herg,classification,auroc,rf,cluster,4,2,0.7829990671641791,0.4885,131,0.4
dili,classification,auroc,xgboost,random,0,0,0.8721340388007054,0.4375,96,0.7
dili,classification,auroc,xgboost,random,0,1,0.8725749559082893,0.4375,96,0.7
dili,classification,auroc,xgboost,random,0,2,0.8628747795414462,0.4375,96,0.7
dili,classification,auroc,rf,random,0,0,0.8941798941798941,0.4375,96,0.3
dili,classification,auroc,rf,random,0,1,0.8816137566137565,0.4375,96,0.3
dili,classification,auroc,rf,random,0,2,0.8829365079365079,0.4375,96,0.4
dili,classification,auroc,xgboost,scaffold,0,0,0.873202614379085,0.5312,96,0.7
dili,classification,auroc,xgboost,scaffold,0,1,0.8662309368191721,0.5312,96,0.7
dili,classification,auroc,xgboost,scaffold,0,2,0.8540305010893247,0.5312,96,0.8
dili,classification,auroc,rf,scaffold,0,0,0.8474945533769063,0.5312,96,0.3
dili,classification,auroc,rf,scaffold,0,1,0.8516339869281045,0.5312,96,0.3
dili,classification,auroc,rf,scaffold,0,2,0.8498910675381264,0.5312,96,0.3
dili,classification,auroc,xgboost,cluster,0,0,0.7141608391608392,0.5417,96,0.7
dili,classification,auroc,xgboost,cluster,0,1,0.7333916083916083,0.5417,96,0.7
dili,classification,auroc,xgboost,cluster,0,2,0.7233391608391608,0.5417,96,0.7
dili,classification,auroc,rf,cluster,0,0,0.7760052447552448,0.5417,96,0.3
dili,classification,auroc,rf,cluster,0,1,0.7727272727272728,0.5417,96,0.3
dili,classification,auroc,rf,cluster,0,2,0.7604895104895105,0.5417,96,0.3
dili,classification,auroc,xgboost,random,1,0,0.8603104212860311,0.4271,96,0.7
dili,classification,auroc,xgboost,random,1,1,0.8669623059866962,0.4271,96,0.7
dili,classification,auroc,xgboost,random,1,2,0.8824833702882483,0.4271,96,0.7
dili,classification,auroc,rf,random,1,0,0.8880266075388027,0.4271,96,0.3
dili,classification,auroc,rf,random,1,1,0.8855875831485587,0.4271,96,0.3
dili,classification,auroc,rf,random,1,2,0.8753880266075389,0.4271,96,0.3
dili,classification,auroc,xgboost,scaffold,1,0,0.873643074250977,0.4896,96,0.7
dili,classification,auroc,xgboost,scaffold,1,1,0.8762483716891012,0.4896,96,0.7
dili,classification,auroc,xgboost,scaffold,1,2,0.865392965696917,0.4896,96,0.7
dili,classification,auroc,rf,scaffold,1,0,0.8738601823708206,0.4896,96,0.3
dili,classification,auroc,rf,scaffold,1,1,0.8779852366478506,0.4896,96,0.3
dili,classification,auroc,rf,scaffold,1,2,0.8693009118541034,0.4896,96,0.4
dili,classification,auroc,xgboost,cluster,1,0,0.7091304347826087,0.5208,96,0.7
dili,classification,auroc,xgboost,cluster,1,1,0.702608695652174,0.5208,96,0.8
dili,classification,auroc,xgboost,cluster,1,2,0.7056521739130436,0.5208,96,0.7
dili,classification,auroc,rf,cluster,1,0,0.7565217391304349,0.5208,96,0.3
dili,classification,auroc,rf,cluster,1,1,0.7558695652173912,0.5208,96,0.3
dili,classification,auroc,rf,cluster,1,2,0.751304347826087,0.5208,96,0.3
dili,classification,auroc,xgboost,random,2,0,0.8260869565217391,0.4792,96,0.8
dili,classification,auroc,xgboost,random,2,1,0.82,0.4792,96,0.7
dili,classification,auroc,xgboost,random,2,2,0.8265217391304347,0.4792,96,0.7
dili,classification,auroc,rf,random,2,0,0.8536956521739131,0.4792,96,0.3
dili,classification,auroc,rf,random,2,1,0.8545652173913043,0.4792,96,0.3
dili,classification,auroc,rf,random,2,2,0.8580434782608696,0.4792,96,0.3
dili,classification,auroc,xgboost,scaffold,2,0,0.7798594847775175,0.6354,96,0.7
dili,classification,auroc,xgboost,scaffold,2,1,0.7859484777517565,0.6354,96,0.7
dili,classification,auroc,xgboost,scaffold,2,2,0.7826697892271662,0.6354,96,0.7
dili,classification,auroc,rf,scaffold,2,0,0.7927400468384075,0.6354,96,0.3
dili,classification,auroc,rf,scaffold,2,1,0.7941451990632318,0.6354,96,0.3
dili,classification,auroc,rf,scaffold,2,2,0.7953161592505855,0.6354,96,0.3
dili,classification,auroc,xgboost,cluster,2,0,0.72818063395571,0.5104,96,0.7
dili,classification,auroc,xgboost,cluster,2,1,0.7429439861050803,0.5104,96,0.7
dili,classification,auroc,xgboost,cluster,2,2,0.7555362570560139,0.5104,96,0.7
dili,classification,auroc,rf,cluster,2,0,0.7366478506296136,0.5104,96,0.3
dili,classification,auroc,rf,cluster,2,1,0.7529309596178897,0.5104,96,0.3
dili,classification,auroc,rf,cluster,2,2,0.7320885801128962,0.5104,96,0.3
dili,classification,auroc,xgboost,random,3,0,0.8905176362803482,0.6146,96,0.7
dili,classification,auroc,xgboost,random,3,1,0.896472743930371,0.6146,96,0.7
dili,classification,auroc,xgboost,random,3,2,0.8983050847457626,0.6146,96,0.7
dili,classification,auroc,rf,random,3,0,0.9065506184150252,0.6146,96,0.3
dili,classification,auroc,rf,random,3,1,0.9065506184150252,0.6146,96,0.3
dili,classification,auroc,rf,random,3,2,0.9120476408612002,0.6146,96,0.3
dili,classification,auroc,xgboost,scaffold,3,0,0.8162037037037038,0.625,96,0.7
dili,classification,auroc,xgboost,scaffold,3,1,0.811574074074074,0.625,96,0.7
dili,classification,auroc,xgboost,scaffold,3,2,0.8138888888888889,0.625,96,0.7
dili,classification,auroc,rf,scaffold,3,0,0.8377314814814815,0.625,96,0.3
dili,classification,auroc,rf,scaffold,3,1,0.8442129629629629,0.625,96,0.3
dili,classification,auroc,rf,scaffold,3,2,0.8560185185185185,0.625,96,0.3
dili,classification,auroc,xgboost,cluster,3,0,0.8204347826086957,0.4792,96,0.8
dili,classification,auroc,xgboost,cluster,3,1,0.8078260869565217,0.4792,96,0.7
dili,classification,auroc,xgboost,cluster,3,2,0.8156521739130436,0.4792,96,0.7
dili,classification,auroc,rf,cluster,3,0,0.8526086956521738,0.4792,96,0.3
dili,classification,auroc,rf,cluster,3,1,0.8586956521739131,0.4792,96,0.3
dili,classification,auroc,rf,cluster,3,2,0.8489130434782609,0.4792,96,0.3
dili,classification,auroc,xgboost,random,4,0,0.8225524475524476,0.4583,96,0.7
dili,classification,auroc,xgboost,random,4,1,0.825611888111888,0.4583,96,0.7
dili,classification,auroc,xgboost,random,4,2,0.8321678321678322,0.4583,96,0.7
dili,classification,auroc,rf,random,4,0,0.8406905594405595,0.4583,96,0.3
dili,classification,auroc,rf,random,4,1,0.8485576923076924,0.4583,96,0.3
dili,classification,auroc,rf,random,4,2,0.8450611888111887,0.4583,96,0.3
dili,classification,auroc,xgboost,scaffold,4,0,0.8097560975609756,0.5729,96,0.7
dili,classification,auroc,xgboost,scaffold,4,1,0.811529933481153,0.5729,96,0.7
dili,classification,auroc,xgboost,scaffold,4,2,0.8150776053215077,0.5729,96,0.7
dili,classification,auroc,rf,scaffold,4,0,0.8432372505543237,0.5729,96,0.3
dili,classification,auroc,rf,scaffold,4,1,0.8390243902439024,0.5729,96,0.3
dili,classification,auroc,rf,scaffold,4,2,0.8343680709534368,0.5729,96,0.3
dili,classification,auroc,xgboost,cluster,4,0,0.701304347826087,0.5208,96,0.8
dili,classification,auroc,xgboost,cluster,4,1,0.7117391304347825,0.5208,96,0.7
dili,classification,auroc,xgboost,cluster,4,2,0.7152173913043478,0.5208,96,0.7
dili,classification,auroc,rf,cluster,4,0,0.7384782608695653,0.5208,96,0.3
dili,classification,auroc,rf,cluster,4,1,0.7317391304347827,0.5208,96,0.3
dili,classification,auroc,rf,cluster,4,2,0.7480434782608696,0.5208,96,0.3
bioavailability_ma,classification,auroc,xgboost,random,0,0,0.7328456983629398,0.7734,128,0.8
bioavailability_ma,classification,auroc,xgboost,random,0,1,0.7324973876698015,0.7734,128,0.8
bioavailability_ma,classification,auroc,xgboost,random,0,2,0.7042842215256009,0.7734,128,0.7
bioavailability_ma,classification,auroc,rf,random,0,0,0.7802159526297457,0.7734,128,0.4
bioavailability_ma,classification,auroc,rf,random,0,1,0.7821316614420062,0.7734,128,0.4
bioavailability_ma,classification,auroc,rf,random,0,2,0.7755137582723789,0.7734,128,0.4
bioavailability_ma,classification,auroc,xgboost,scaffold,0,0,0.6520182291666667,0.75,128,0.8
bioavailability_ma,classification,auroc,xgboost,scaffold,0,1,0.6806640625,0.75,128,0.8
bioavailability_ma,classification,auroc,xgboost,scaffold,0,2,0.6852213541666666,0.75,128,0.7
bioavailability_ma,classification,auroc,rf,scaffold,0,0,0.6865234375,0.75,128,0.4
bioavailability_ma,classification,auroc,rf,scaffold,0,1,0.6816406249999999,0.75,128,0.4
bioavailability_ma,classification,auroc,rf,scaffold,0,2,0.6837565104166666,0.75,128,0.4
bioavailability_ma,classification,auroc,xgboost,cluster,0,0,0.6617903169627307,0.7734,128,0.8
bioavailability_ma,classification,auroc,xgboost,cluster,0,1,0.700801114594218,0.7734,128,0.8
bioavailability_ma,classification,auroc,xgboost,cluster,0,2,0.6590038314176245,0.7734,128,0.7
bioavailability_ma,classification,auroc,rf,cluster,0,0,0.7100313479623824,0.7734,128,0.4
bioavailability_ma,classification,auroc,rf,cluster,0,1,0.6947056774642981,0.7734,128,0.4
bioavailability_ma,classification,auroc,rf,cluster,0,2,0.6889585510275165,0.7734,128,0.4
bioavailability_ma,classification,auroc,xgboost,random,1,0,0.702857142857143,0.7812,128,0.7
bioavailability_ma,classification,auroc,xgboost,random,1,1,0.7053571428571429,0.7812,128,0.7
bioavailability_ma,classification,auroc,xgboost,random,1,2,0.7017857142857143,0.7812,128,0.7
bioavailability_ma,classification,auroc,rf,random,1,0,0.7216071428571429,0.7812,128,0.4
bioavailability_ma,classification,auroc,rf,random,1,1,0.7050000000000001,0.7812,128,0.4
bioavailability_ma,classification,auroc,rf,random,1,2,0.7053571428571429,0.7812,128,0.4
bioavailability_ma,classification,auroc,xgboost,scaffold,1,0,0.6473684210526316,0.7031,128,0.8
bioavailability_ma,classification,auroc,xgboost,scaffold,1,1,0.658187134502924,0.7031,128,0.9
bioavailability_ma,classification,auroc,xgboost,scaffold,1,2,0.6485380116959064,0.7031,128,0.7
bioavailability_ma,classification,auroc,rf,scaffold,1,0,0.7043859649122808,0.7031,128,0.4
bioavailability_ma,classification,auroc,rf,scaffold,1,1,0.7242690058479533,0.7031,128,0.3
bioavailability_ma,classification,auroc,rf,scaffold,1,2,0.723830409356725,0.7031,128,0.4
bioavailability_ma,classification,auroc,xgboost,cluster,1,0,0.6889285714285714,0.7812,128,0.7
bioavailability_ma,classification,auroc,xgboost,cluster,1,1,0.6496428571428571,0.7812,128,0.7
bioavailability_ma,classification,auroc,xgboost,cluster,1,2,0.6942857142857143,0.7812,128,0.7
bioavailability_ma,classification,auroc,rf,cluster,1,0,0.7044642857142858,0.7812,128,0.4
bioavailability_ma,classification,auroc,rf,cluster,1,1,0.6951785714285714,0.7812,128,0.4
bioavailability_ma,classification,auroc,rf,cluster,1,2,0.6994642857142856,0.7812,128,0.4
bioavailability_ma,classification,auroc,xgboost,random,2,0,0.7697278911564626,0.7656,128,0.7
bioavailability_ma,classification,auroc,xgboost,random,2,1,0.7632653061224489,0.7656,128,0.7
bioavailability_ma,classification,auroc,xgboost,random,2,2,0.758843537414966,0.7656,128,0.7
bioavailability_ma,classification,auroc,rf,random,2,0,0.8153061224489796,0.7656,128,0.4
bioavailability_ma,classification,auroc,rf,random,2,1,0.808843537414966,0.7656,128,0.4
bioavailability_ma,classification,auroc,rf,random,2,2,0.8125850340136056,0.7656,128,0.4
bioavailability_ma,classification,auroc,xgboost,scaffold,2,0,0.5835714285714286,0.7812,128,0.7
bioavailability_ma,classification,auroc,xgboost,scaffold,2,1,0.5528571428571428,0.7812,128,0.7
bioavailability_ma,classification,auroc,xgboost,scaffold,2,2,0.5614285714285714,0.7812,128,0.7
bioavailability_ma,classification,auroc,rf,scaffold,2,0,0.5853571428571429,0.7812,128,0.4
bioavailability_ma,classification,auroc,rf,scaffold,2,1,0.6008928571428571,0.7812,128,0.4
bioavailability_ma,classification,auroc,rf,scaffold,2,2,0.5708928571428572,0.7812,128,0.4
bioavailability_ma,classification,auroc,xgboost,cluster,2,0,0.6374149659863946,0.7656,128,0.8
bioavailability_ma,classification,auroc,xgboost,cluster,2,1,0.6683673469387755,0.7656,128,0.7
bioavailability_ma,classification,auroc,xgboost,cluster,2,2,0.6717687074829932,0.7656,128,0.7
bioavailability_ma,classification,auroc,rf,cluster,2,0,0.6821428571428572,0.7656,128,0.4
bioavailability_ma,classification,auroc,rf,cluster,2,1,0.6692176870748299,0.7656,128,0.4
bioavailability_ma,classification,auroc,rf,cluster,2,2,0.6622448979591836,0.7656,128,0.4
bioavailability_ma,classification,auroc,xgboost,random,3,0,0.7712962962962964,0.8438,128,0.7
bioavailability_ma,classification,auroc,xgboost,random,3,1,0.7291666666666666,0.8438,128,0.8
bioavailability_ma,classification,auroc,xgboost,random,3,2,0.749074074074074,0.8438,128,0.7
bioavailability_ma,classification,auroc,rf,random,3,0,0.7113425925925927,0.8438,128,0.4
bioavailability_ma,classification,auroc,rf,random,3,1,0.7282407407407406,0.8438,128,0.4
bioavailability_ma,classification,auroc,rf,random,3,2,0.6988425925925926,0.8438,128,0.4
bioavailability_ma,classification,auroc,xgboost,scaffold,3,0,0.7513061650992685,0.7734,128,0.7
bioavailability_ma,classification,auroc,xgboost,scaffold,3,1,0.7102055033089516,0.7734,128,0.7
bioavailability_ma,classification,auroc,xgboost,scaffold,3,2,0.7429467084639498,0.7734,128,0.7
bioavailability_ma,classification,auroc,rf,scaffold,3,0,0.7248345524207593,0.7734,128,0.4
bioavailability_ma,classification,auroc,rf,scaffold,3,1,0.7021943573667712,0.7734,128,0.4
bioavailability_ma,classification,auroc,rf,scaffold,3,2,0.7115987460815048,0.7734,128,0.4
bioavailability_ma,classification,auroc,xgboost,cluster,3,0,0.6920572916666666,0.75,128,0.7
bioavailability_ma,classification,auroc,xgboost,cluster,3,1,0.6253255208333334,0.75,128,0.7
bioavailability_ma,classification,auroc,xgboost,cluster,3,2,0.6559244791666666,0.75,128,0.7
bioavailability_ma,classification,auroc,rf,cluster,3,0,0.6917317708333334,0.75,128,0.4
bioavailability_ma,classification,auroc,rf,cluster,3,1,0.70556640625,0.75,128,0.4
bioavailability_ma,classification,auroc,rf,cluster,3,2,0.6907552083333334,0.75,128,0.4
bioavailability_ma,classification,auroc,xgboost,random,4,0,0.7001594896331738,0.7422,128,0.8
bioavailability_ma,classification,auroc,xgboost,random,4,1,0.7007974481658693,0.7422,128,0.8
bioavailability_ma,classification,auroc,xgboost,random,4,2,0.6848484848484848,0.7422,128,0.8
bioavailability_ma,classification,auroc,rf,random,4,0,0.6920255183413078,0.7422,128,0.4
bioavailability_ma,classification,auroc,rf,random,4,1,0.6996810207336523,0.7422,128,0.4
bioavailability_ma,classification,auroc,rf,random,4,2,0.7031897926634769,0.7422,128,0.4
bioavailability_ma,classification,auroc,xgboost,scaffold,4,0,0.6483314998166484,0.7891,128,0.7
bioavailability_ma,classification,auroc,xgboost,scaffold,4,1,0.6791345801246792,0.7891,128,0.7
bioavailability_ma,classification,auroc,xgboost,scaffold,4,2,0.7055372203887055,0.7891,128,0.7
bioavailability_ma,classification,auroc,rf,scaffold,4,0,0.6824349101576825,0.7891,128,0.4
bioavailability_ma,classification,auroc,rf,scaffold,4,1,0.7057205720572057,0.7891,128,0.4
bioavailability_ma,classification,auroc,rf,scaffold,4,2,0.6967363403006969,0.7891,128,0.4
bioavailability_ma,classification,auroc,xgboost,cluster,4,0,0.6025518341307815,0.7422,128,0.7
bioavailability_ma,classification,auroc,xgboost,cluster,4,1,0.6274322169059011,0.7422,128,0.7
bioavailability_ma,classification,auroc,xgboost,cluster,4,2,0.6452950558213717,0.7422,128,0.7
bioavailability_ma,classification,auroc,rf,cluster,4,0,0.6393939393939394,0.7422,128,0.4
bioavailability_ma,classification,auroc,rf,cluster,4,1,0.6212121212121212,0.7422,128,0.3
bioavailability_ma,classification,auroc,rf,cluster,4,2,0.6311004784688995,0.7422,128,0.4
