dataset,task,metric,fm,split,split_seed,model_seed,score
ames,classification,auroc,chemberta,random,0,0,0.8961105827882001
ames,classification,auroc,chemberta,random,0,1,0.8969885594075099
ames,classification,auroc,chemberta,random,0,2,0.895240290865777
ames,classification,auroc,chemberta,scaffold,0,0,0.8137334070690622
ames,classification,auroc,chemberta,scaffold,0,1,0.8187287475578229
ames,classification,auroc,chemberta,scaffold,0,2,0.8199534240231771
ames,classification,auroc,chemberta,cluster,0,0,0.7365547925562423
ames,classification,auroc,chemberta,cluster,0,1,0.7440710439105219
ames,classification,auroc,chemberta,cluster,0,2,0.7397751895991332
ames,classification,auroc,chemberta,random,1,0,0.8858910544765951
ames,classification,auroc,chemberta,random,1,1,0.8828982246184454
ames,classification,auroc,chemberta,random,1,2,0.8877176102593787
ames,classification,auroc,chemberta,scaffold,1,0,0.8089747957707119
ames,classification,auroc,chemberta,scaffold,1,1,0.8187957936805679
ames,classification,auroc,chemberta,scaffold,1,2,0.8064960991631768
ames,classification,auroc,chemberta,cluster,1,0,0.7476209587246821
ames,classification,auroc,chemberta,cluster,1,1,0.7523470944348605
ames,classification,auroc,chemberta,cluster,1,2,0.7349759999361063
ames,classification,auroc,chemberta,random,2,0,0.8798862206246061
ames,classification,auroc,chemberta,random,2,1,0.8855599578848765
ames,classification,auroc,chemberta,random,2,2,0.8831743227214138
ames,classification,auroc,chemberta,scaffold,2,0,0.8246780120383363
ames,classification,auroc,chemberta,scaffold,2,1,0.8356769013699528
ames,classification,auroc,chemberta,scaffold,2,2,0.8275807640705515
ames,classification,auroc,chemberta,cluster,2,0,0.7405443974945615
ames,classification,auroc,chemberta,cluster,2,1,0.7404070641108061
ames,classification,auroc,chemberta,cluster,2,2,0.7395094212691594
ames,classification,auroc,chemberta,random,3,0,0.8882560393977573
ames,classification,auroc,chemberta,random,3,1,0.8869999290441481
ames,classification,auroc,chemberta,random,3,2,0.8886683504298583
ames,classification,auroc,chemberta,scaffold,3,0,0.8113721392958385
ames,classification,auroc,chemberta,scaffold,3,1,0.8079054920910508
ames,classification,auroc,chemberta,scaffold,3,2,0.8112242546228365
ames,classification,auroc,chemberta,cluster,3,0,0.7443530345673667
ames,classification,auroc,chemberta,cluster,3,1,0.7500060138077025
ames,classification,auroc,chemberta,cluster,3,2,0.7421860591919047
ames,classification,auroc,chemberta,random,4,0,0.8762171695505028
ames,classification,auroc,chemberta,random,4,1,0.8714161780828447
ames,classification,auroc,chemberta,random,4,2,0.8736469803136471
ames,classification,auroc,chemberta,scaffold,4,0,0.80785344331479
ames,classification,auroc,chemberta,scaffold,4,1,0.8102340303088433
ames,classification,auroc,chemberta,scaffold,4,2,0.8035823901784
ames,classification,auroc,chemberta,cluster,4,0,0.7508410682168551
ames,classification,auroc,chemberta,cluster,4,1,0.743572552672148
ames,classification,auroc,chemberta,cluster,4,2,0.7416254496402878
bbb_martins,classification,auroc,chemberta,random,0,0,0.9124364560639071
bbb_martins,classification,auroc,chemberta,random,0,1,0.9118917937545389
bbb_martins,classification,auroc,chemberta,random,0,2,0.9099673202614379
bbb_martins,classification,auroc,chemberta,scaffold,0,0,0.8843749999999999
bbb_martins,classification,auroc,chemberta,scaffold,0,1,0.8932291666666667
bbb_martins,classification,auroc,chemberta,scaffold,0,2,0.8919097222222221
bbb_martins,classification,auroc,chemberta,cluster,0,0,0.7573174140478377
bbb_martins,classification,auroc,chemberta,cluster,0,1,0.7552010541867987
bbb_martins,classification,auroc,chemberta,cluster,0,2,0.7496905322844708
bbb_martins,classification,auroc,chemberta,random,1,0,0.8967112199435432
bbb_martins,classification,auroc,chemberta,random,1,1,0.8887188382137877
bbb_martins,classification,auroc,chemberta,random,1,2,0.8968472604836242
bbb_martins,classification,auroc,chemberta,scaffold,1,0,0.8917159543205743
bbb_martins,classification,auroc,chemberta,scaffold,1,1,0.8914555667150244
bbb_martins,classification,auroc,chemberta,scaffold,1,2,0.8987464196704236
bbb_martins,classification,auroc,chemberta,cluster,1,0,0.7667223059072589
bbb_martins,classification,auroc,chemberta,cluster,1,1,0.7798314538126451
bbb_martins,classification,auroc,chemberta,cluster,1,2,0.7658673614786468
bbb_martins,classification,auroc,chemberta,random,2,0,0.9071908205430933
bbb_martins,classification,auroc,chemberta,random,2,1,0.9078918240850058
bbb_martins,classification,auroc,chemberta,random,2,2,0.9102530991735538
bbb_martins,classification,auroc,chemberta,scaffold,2,0,0.903120862492907
bbb_martins,classification,auroc,chemberta,scaffold,2,1,0.8996406279553623
bbb_martins,classification,auroc,chemberta,scaffold,2,2,0.9025534329487422
bbb_martins,classification,auroc,chemberta,cluster,2,0,0.7727650316455695
bbb_martins,classification,auroc,chemberta,cluster,2,1,0.7826542721518988
bbb_martins,classification,auroc,chemberta,cluster,2,2,0.7715783227848102
bbb_martins,classification,auroc,chemberta,random,3,0,0.9291805438641437
bbb_martins,classification,auroc,chemberta,random,3,1,0.9383669436006294
bbb_martins,classification,auroc,chemberta,random,3,2,0.9331698568971196
bbb_martins,classification,auroc,chemberta,scaffold,3,0,0.9218943417322205
bbb_martins,classification,auroc,chemberta,scaffold,3,1,0.9157449187397676
bbb_martins,classification,auroc,chemberta,scaffold,3,2,0.924130495547658
bbb_martins,classification,auroc,chemberta,cluster,3,0,0.8020371835443038
bbb_martins,classification,auroc,chemberta,cluster,3,1,0.7775118670886075
bbb_martins,classification,auroc,chemberta,cluster,3,2,0.7939675632911393
bbb_martins,classification,auroc,chemberta,random,4,0,0.9215697496947497
bbb_martins,classification,auroc,chemberta,random,4,1,0.9211500305250305
bbb_martins,classification,auroc,chemberta,random,4,2,0.9192803724053724
bbb_martins,classification,auroc,chemberta,scaffold,4,0,0.8776195395513579
bbb_martins,classification,auroc,chemberta,scaffold,4,1,0.8747048406139315
bbb_martins,classification,auroc,chemberta,scaffold,4,2,0.8831906729634004
bbb_martins,classification,auroc,chemberta,cluster,4,0,0.7759889240506328
bbb_martins,classification,auroc,chemberta,cluster,4,1,0.7675632911392405
bbb_martins,classification,auroc,chemberta,cluster,4,2,0.7612737341772152
bioavailability_ma,classification,auroc,chemberta,random,0,0,0.7422500870776733
bioavailability_ma,classification,auroc,chemberta,random,0,1,0.7112504353883665
bioavailability_ma,classification,auroc,chemberta,random,0,2,0.7387669801462905
bioavailability_ma,classification,auroc,chemberta,scaffold,0,0,0.73046875
bioavailability_ma,classification,auroc,chemberta,scaffold,0,1,0.7845052083333333
bioavailability_ma,classification,auroc,chemberta,scaffold,0,2,0.7154947916666666
bioavailability_ma,classification,auroc,chemberta,cluster,0,0,0.7314524555903866
bioavailability_ma,classification,auroc,chemberta,cluster,0,1,0.7429467084639498
bioavailability_ma,classification,auroc,chemberta,cluster,0,2,0.7248345524207593
bioavailability_ma,classification,auroc,chemberta,random,1,0,0.7721428571428571
bioavailability_ma,classification,auroc,chemberta,random,1,1,0.7657142857142857
bioavailability_ma,classification,auroc,chemberta,random,1,2,0.7660714285714286
bioavailability_ma,classification,auroc,chemberta,scaffold,1,0,0.734795321637427
bioavailability_ma,classification,auroc,chemberta,scaffold,1,1,0.7543859649122807
bioavailability_ma,classification,auroc,chemberta,scaffold,1,2,0.7374269005847954
bioavailability_ma,classification,auroc,chemberta,cluster,1,0,0.7389285714285714
bioavailability_ma,classification,auroc,chemberta,cluster,1,1,0.7303571428571428
bioavailability_ma,classification,auroc,chemberta,cluster,1,2,0.7489285714285715
bioavailability_ma,classification,auroc,chemberta,random,2,0,0.8057823129251701
bioavailability_ma,classification,auroc,chemberta,random,2,1,0.8326530612244899
bioavailability_ma,classification,auroc,chemberta,random,2,2,0.8166666666666665
bioavailability_ma,classification,auroc,chemberta,scaffold,2,0,0.7253571428571428
bioavailability_ma,classification,auroc,chemberta,scaffold,2,1,0.7682142857142857
bioavailability_ma,classification,auroc,chemberta,scaffold,2,2,0.7335714285714285
bioavailability_ma,classification,auroc,chemberta,cluster,2,0,0.7251700680272108
bioavailability_ma,classification,auroc,chemberta,cluster,2,1,0.6952380952380952
bioavailability_ma,classification,auroc,chemberta,cluster,2,2,0.7448979591836735
bioavailability_ma,classification,auroc,chemberta,random,3,0,0.8268518518518518
bioavailability_ma,classification,auroc,chemberta,random,3,1,0.7916666666666666
bioavailability_ma,classification,auroc,chemberta,random,3,2,0.7986111111111112
bioavailability_ma,classification,auroc,chemberta,scaffold,3,0,0.7735980494601185
bioavailability_ma,classification,auroc,chemberta,scaffold,3,1,0.7540926506443748
bioavailability_ma,classification,auroc,chemberta,scaffold,3,2,0.7533960292580982
bioavailability_ma,classification,auroc,chemberta,cluster,3,0,0.7262369791666666
bioavailability_ma,classification,auroc,chemberta,cluster,3,1,0.6936848958333334
bioavailability_ma,classification,auroc,chemberta,cluster,3,2,0.7353515625
bioavailability_ma,classification,auroc,chemberta,random,4,0,0.7148325358851674
bioavailability_ma,classification,auroc,chemberta,random,4,1,0.6883572567783095
bioavailability_ma,classification,auroc,chemberta,random,4,2,0.7014354066985646
bioavailability_ma,classification,auroc,chemberta,scaffold,4,0,0.7033370003667034
bioavailability_ma,classification,auroc,chemberta,scaffold,4,1,0.7293729372937294
bioavailability_ma,classification,auroc,chemberta,scaffold,4,2,0.7414741474147416
bioavailability_ma,classification,auroc,chemberta,cluster,4,0,0.7591706539074959
bioavailability_ma,classification,auroc,chemberta,cluster,4,1,0.7716108452950559
bioavailability_ma,classification,auroc,chemberta,cluster,4,2,0.7690590111642742
caco2_wang,regression,mae,chemberta,random,0,0,0.3683350775753146
caco2_wang,regression,mae,chemberta,random,0,1,0.3420065386206993
caco2_wang,regression,mae,chemberta,random,0,2,0.3592297707410204
caco2_wang,regression,mae,chemberta,scaffold,0,0,0.4088033817330832
caco2_wang,regression,mae,chemberta,scaffold,0,1,0.4319986916686174
caco2_wang,regression,mae,chemberta,scaffold,0,2,0.4169789266195947
caco2_wang,regression,mae,chemberta,cluster,0,0,0.47178414828471077
caco2_wang,regression,mae,chemberta,cluster,0,1,0.4785174404224773
caco2_wang,regression,mae,chemberta,cluster,0,2,0.4694212134537917
caco2_wang,regression,mae,chemberta,random,1,0,0.3621136993147965
caco2_wang,regression,mae,chemberta,random,1,1,0.3574232953820868
caco2_wang,regression,mae,chemberta,random,1,2,0.37007496068262785
caco2_wang,regression,mae,chemberta,scaffold,1,0,0.4058595204107599
caco2_wang,regression,mae,chemberta,scaffold,1,1,0.4290800701138004
caco2_wang,regression,mae,chemberta,scaffold,1,2,0.43376495344159477
caco2_wang,regression,mae,chemberta,cluster,1,0,0.4807820588987916
caco2_wang,regression,mae,chemberta,cluster,1,1,0.48291637833211704
caco2_wang,regression,mae,chemberta,cluster,1,2,0.5073942490346719
caco2_wang,regression,mae,chemberta,random,2,0,0.39740413510151956
caco2_wang,regression,mae,chemberta,random,2,1,0.39504730029323704
caco2_wang,regression,mae,chemberta,random,2,2,0.39982154714945706
caco2_wang,regression,mae,chemberta,scaffold,2,0,0.4283358764008071
caco2_wang,regression,mae,chemberta,scaffold,2,1,0.4232503512517909
caco2_wang,regression,mae,chemberta,scaffold,2,2,0.4419718948969579
caco2_wang,regression,mae,chemberta,cluster,2,0,0.4731722030649037
caco2_wang,regression,mae,chemberta,cluster,2,1,0.4942621966264997
caco2_wang,regression,mae,chemberta,cluster,2,2,0.509726256545182
caco2_wang,regression,mae,chemberta,random,3,0,0.3526268232004354
caco2_wang,regression,mae,chemberta,random,3,1,0.35821691685687057
caco2_wang,regression,mae,chemberta,random,3,2,0.34397656425613565
caco2_wang,regression,mae,chemberta,scaffold,3,0,0.4429790111085996
caco2_wang,regression,mae,chemberta,scaffold,3,1,0.44983517818730945
caco2_wang,regression,mae,chemberta,scaffold,3,2,0.4642083484131194
caco2_wang,regression,mae,chemberta,cluster,3,0,0.4939274728506905
caco2_wang,regression,mae,chemberta,cluster,3,1,0.5141066926472087
caco2_wang,regression,mae,chemberta,cluster,3,2,0.5204915828407706
caco2_wang,regression,mae,chemberta,random,4,0,0.39001321131782957
caco2_wang,regression,mae,chemberta,random,4,1,0.3901901713243254
caco2_wang,regression,mae,chemberta,random,4,2,0.38402339256727624
caco2_wang,regression,mae,chemberta,scaffold,4,0,0.42004697161952426
caco2_wang,regression,mae,chemberta,scaffold,4,1,0.4484976548131251
caco2_wang,regression,mae,chemberta,scaffold,4,2,0.42612936749613006
caco2_wang,regression,mae,chemberta,cluster,4,0,0.48672246506200106
caco2_wang,regression,mae,chemberta,cluster,4,1,0.48670176359591644
caco2_wang,regression,mae,chemberta,cluster,4,2,0.4833775504259718
clearance_hepatocyte_az,regression,spearman,chemberta,random,0,0,0.4479453126096247
clearance_hepatocyte_az,regression,spearman,chemberta,random,0,1,0.5262199978297672
clearance_hepatocyte_az,regression,spearman,chemberta,random,0,2,0.49194448964216225
clearance_hepatocyte_az,regression,spearman,chemberta,scaffold,0,0,0.34308987409260505
clearance_hepatocyte_az,regression,spearman,chemberta,scaffold,0,1,0.3789390449573365
clearance_hepatocyte_az,regression,spearman,chemberta,scaffold,0,2,0.36012118425276746
clearance_hepatocyte_az,regression,spearman,chemberta,cluster,0,0,0.23199771368995684
clearance_hepatocyte_az,regression,spearman,chemberta,cluster,0,1,0.2542606960162507
clearance_hepatocyte_az,regression,spearman,chemberta,cluster,0,2,0.3263177986451077
clearance_hepatocyte_az,regression,spearman,chemberta,random,1,0,0.49613246750813383
clearance_hepatocyte_az,regression,spearman,chemberta,random,1,1,0.4950133903674261
clearance_hepatocyte_az,regression,spearman,chemberta,random,1,2,0.5122290349683962
clearance_hepatocyte_az,regression,spearman,chemberta,scaffold,1,0,0.42106731838788813
clearance_hepatocyte_az,regression,spearman,chemberta,scaffold,1,1,0.39397640014320273
clearance_hepatocyte_az,regression,spearman,chemberta,scaffold,1,2,0.3460456059252994
clearance_hepatocyte_az,regression,spearman,chemberta,cluster,1,0,0.24081472590703648
clearance_hepatocyte_az,regression,spearman,chemberta,cluster,1,1,0.2444953900088024
clearance_hepatocyte_az,regression,spearman,chemberta,cluster,1,2,0.19533865843763218
clearance_hepatocyte_az,regression,spearman,chemberta,random,2,0,0.40175832848149223
clearance_hepatocyte_az,regression,spearman,chemberta,random,2,1,0.39406853348544396
clearance_hepatocyte_az,regression,spearman,chemberta,random,2,2,0.4010692990560244
clearance_hepatocyte_az,regression,spearman,chemberta,scaffold,2,0,0.4765695781181144
clearance_hepatocyte_az,regression,spearman,chemberta,scaffold,2,1,0.4603007005457568
clearance_hepatocyte_az,regression,spearman,chemberta,scaffold,2,2,0.40758129083721334
clearance_hepatocyte_az,regression,spearman,chemberta,cluster,2,0,0.1616320434453425
clearance_hepatocyte_az,regression,spearman,chemberta,cluster,2,1,0.21263195428829382
clearance_hepatocyte_az,regression,spearman,chemberta,cluster,2,2,0.17531325495935102
clearance_hepatocyte_az,regression,spearman,chemberta,random,3,0,0.46170395443989815
clearance_hepatocyte_az,regression,spearman,chemberta,random,3,1,0.46248851795287466
clearance_hepatocyte_az,regression,spearman,chemberta,random,3,2,0.47234260737780664
clearance_hepatocyte_az,regression,spearman,chemberta,scaffold,3,0,0.271431097584861
clearance_hepatocyte_az,regression,spearman,chemberta,scaffold,3,1,0.3199374859518415
clearance_hepatocyte_az,regression,spearman,chemberta,scaffold,3,2,0.34188257209491724
clearance_hepatocyte_az,regression,spearman,chemberta,cluster,3,0,0.24043458641055648
clearance_hepatocyte_az,regression,spearman,chemberta,cluster,3,1,0.1964286333050428
clearance_hepatocyte_az,regression,spearman,chemberta,cluster,3,2,0.20074563713995905
clearance_hepatocyte_az,regression,spearman,chemberta,random,4,0,0.4678012248536098
clearance_hepatocyte_az,regression,spearman,chemberta,random,4,1,0.40722466343769403
clearance_hepatocyte_az,regression,spearman,chemberta,random,4,2,0.5064518966624401
clearance_hepatocyte_az,regression,spearman,chemberta,scaffold,4,0,0.41561689484656456
clearance_hepatocyte_az,regression,spearman,chemberta,scaffold,4,1,0.4371047934041617
clearance_hepatocyte_az,regression,spearman,chemberta,scaffold,4,2,0.4692754413055791
clearance_hepatocyte_az,regression,spearman,chemberta,cluster,4,0,0.2373007608294892
clearance_hepatocyte_az,regression,spearman,chemberta,cluster,4,1,0.2702696840301581
clearance_hepatocyte_az,regression,spearman,chemberta,cluster,4,2,0.26450978838785727
clearance_microsome_az,regression,spearman,chemberta,random,0,0,0.5301833379056182
clearance_microsome_az,regression,spearman,chemberta,random,0,1,0.5446130051749306
clearance_microsome_az,regression,spearman,chemberta,random,0,2,0.5094841244707824
clearance_microsome_az,regression,spearman,chemberta,scaffold,0,0,0.4818856011939501
clearance_microsome_az,regression,spearman,chemberta,scaffold,0,1,0.4652801332525293
clearance_microsome_az,regression,spearman,chemberta,scaffold,0,2,0.4925353119896528
clearance_microsome_az,regression,spearman,chemberta,cluster,0,0,0.26519373784494843
clearance_microsome_az,regression,spearman,chemberta,cluster,0,1,0.32674180850080753
clearance_microsome_az,regression,spearman,chemberta,cluster,0,2,0.32262480794336085
clearance_microsome_az,regression,spearman,chemberta,random,1,0,0.5054753533856522
clearance_microsome_az,regression,spearman,chemberta,random,1,1,0.5176614841950158
clearance_microsome_az,regression,spearman,chemberta,random,1,2,0.5611360709151612
clearance_microsome_az,regression,spearman,chemberta,scaffold,1,0,0.4268692537450184
clearance_microsome_az,regression,spearman,chemberta,scaffold,1,1,0.3832623270104617
clearance_microsome_az,regression,spearman,chemberta,scaffold,1,2,0.3644691130011465
clearance_microsome_az,regression,spearman,chemberta,cluster,1,0,0.3648682135982321
clearance_microsome_az,regression,spearman,chemberta,cluster,1,1,0.2837269133737928
clearance_microsome_az,regression,spearman,chemberta,cluster,1,2,0.2964484814415593
clearance_microsome_az,regression,spearman,chemberta,random,2,0,0.575731457415689
clearance_microsome_az,regression,spearman,chemberta,random,2,1,0.5468273117852352
clearance_microsome_az,regression,spearman,chemberta,random,2,2,0.5645665370430792
clearance_microsome_az,regression,spearman,chemberta,scaffold,2,0,0.36334036808552683
clearance_microsome_az,regression,spearman,chemberta,scaffold,2,1,0.37828595524434255
clearance_microsome_az,regression,spearman,chemberta,scaffold,2,2,0.3759781725451202
clearance_microsome_az,regression,spearman,chemberta,cluster,2,0,0.3280680835043259
clearance_microsome_az,regression,spearman,chemberta,cluster,2,1,0.2901051688802421
clearance_microsome_az,regression,spearman,chemberta,cluster,2,2,0.2810828754245088
clearance_microsome_az,regression,spearman,chemberta,random,3,0,0.529807050623442
clearance_microsome_az,regression,spearman,chemberta,random,3,1,0.5161978867568598
clearance_microsome_az,regression,spearman,chemberta,random,3,2,0.58224624746628
clearance_microsome_az,regression,spearman,chemberta,scaffold,3,0,0.39692611734997846
clearance_microsome_az,regression,spearman,chemberta,scaffold,3,1,0.4298238807131275
clearance_microsome_az,regression,spearman,chemberta,scaffold,3,2,0.3906285646442799
clearance_microsome_az,regression,spearman,chemberta,cluster,3,0,0.29601450258600664
clearance_microsome_az,regression,spearman,chemberta,cluster,3,1,0.2553745973797162
clearance_microsome_az,regression,spearman,chemberta,cluster,3,2,0.2937770949789504
clearance_microsome_az,regression,spearman,chemberta,random,4,0,0.5146758735438701
clearance_microsome_az,regression,spearman,chemberta,random,4,1,0.5643661462814975
clearance_microsome_az,regression,spearman,chemberta,random,4,2,0.48411028287896135
clearance_microsome_az,regression,spearman,chemberta,scaffold,4,0,0.3846120485856949
clearance_microsome_az,regression,spearman,chemberta,scaffold,4,1,0.4458898577658465
clearance_microsome_az,regression,spearman,chemberta,scaffold,4,2,0.3125283177327967
clearance_microsome_az,regression,spearman,chemberta,cluster,4,0,0.19707598897920078
clearance_microsome_az,regression,spearman,chemberta,cluster,4,1,0.2626063265255538
clearance_microsome_az,regression,spearman,chemberta,cluster,4,2,0.1793760248962455
cyp2c9_substrate_carbonmangels,classification,auprc,chemberta,random,0,0,0.5313853353873592
cyp2c9_substrate_carbonmangels,classification,auprc,chemberta,random,0,1,0.47340283821062246
cyp2c9_substrate_carbonmangels,classification,auprc,chemberta,random,0,2,0.5537451517950006
cyp2c9_substrate_carbonmangels,classification,auprc,chemberta,scaffold,0,0,0.364155277821433
cyp2c9_substrate_carbonmangels,classification,auprc,chemberta,scaffold,0,1,0.35645790833909496
cyp2c9_substrate_carbonmangels,classification,auprc,chemberta,scaffold,0,2,0.3309770345072485
cyp2c9_substrate_carbonmangels,classification,auprc,chemberta,cluster,0,0,0.2451666635073366
cyp2c9_substrate_carbonmangels,classification,auprc,chemberta,cluster,0,1,0.24297412694241224
cyp2c9_substrate_carbonmangels,classification,auprc,chemberta,cluster,0,2,0.2587396341650547
cyp2c9_substrate_carbonmangels,classification,auprc,chemberta,random,1,0,0.35629413942714505
cyp2c9_substrate_carbonmangels,classification,auprc,chemberta,random,1,1,0.3855474036162726
cyp2c9_substrate_carbonmangels,classification,auprc,chemberta,random,1,2,0.36750400850194276
cyp2c9_substrate_carbonmangels,classification,auprc,chemberta,scaffold,1,0,0.4033663394952487
cyp2c9_substrate_carbonmangels,classification,auprc,chemberta,scaffold,1,1,0.41711704676516176
cyp2c9_substrate_carbonmangels,classification,auprc,chemberta,scaffold,1,2,0.39121212695534346
cyp2c9_substrate_carbonmangels,classification,auprc,chemberta,cluster,1,0,0.21059894001855653
cyp2c9_substrate_carbonmangels,classification,auprc,chemberta,cluster,1,1,0.19191184386059545
cyp2c9_substrate_carbonmangels,classification,auprc,chemberta,cluster,1,2,0.21895981395572733
cyp2c9_substrate_carbonmangels,classification,auprc,chemberta,random,2,0,0.49711056719567037
cyp2c9_substrate_carbonmangels,classification,auprc,chemberta,random,2,1,0.42647349860767475
cyp2c9_substrate_carbonmangels,classification,auprc,chemberta,random,2,2,0.5008229816942567
cyp2c9_substrate_carbonmangels,classification,auprc,chemberta,scaffold,2,0,0.32197193441157257
cyp2c9_substrate_carbonmangels,classification,auprc,chemberta,scaffold,2,1,0.3296272310803104
cyp2c9_substrate_carbonmangels,classification,auprc,chemberta,scaffold,2,2,0.251046526624609
cyp2c9_substrate_carbonmangels,classification,auprc,chemberta,cluster,2,0,0.1968924038592674
cyp2c9_substrate_carbonmangels,classification,auprc,chemberta,cluster,2,1,0.20091212907394662
cyp2c9_substrate_carbonmangels,classification,auprc,chemberta,cluster,2,2,0.2282459962320941
cyp2c9_substrate_carbonmangels,classification,auprc,chemberta,random,3,0,0.32477071569670757
cyp2c9_substrate_carbonmangels,classification,auprc,chemberta,random,3,1,0.34280625422725286
cyp2c9_substrate_carbonmangels,classification,auprc,chemberta,random,3,2,0.3307388948694677
cyp2c9_substrate_carbonmangels,classification,auprc,chemberta,scaffold,3,0,0.36715455791883067
cyp2c9_substrate_carbonmangels,classification,auprc,chemberta,scaffold,3,1,0.34736574165091816
cyp2c9_substrate_carbonmangels,classification,auprc,chemberta,scaffold,3,2,0.31133664370440406
cyp2c9_substrate_carbonmangels,classification,auprc,chemberta,cluster,3,0,0.2161636882245114
cyp2c9_substrate_carbonmangels,classification,auprc,chemberta,cluster,3,1,0.21690208658912633
cyp2c9_substrate_carbonmangels,classification,auprc,chemberta,cluster,3,2,0.21242717267245154
cyp2c9_substrate_carbonmangels,classification,auprc,chemberta,random,4,0,0.4513768880446715
cyp2c9_substrate_carbonmangels,classification,auprc,chemberta,random,4,1,0.41807557641946763
cyp2c9_substrate_carbonmangels,classification,auprc,chemberta,random,4,2,0.4336966773642231
cyp2c9_substrate_carbonmangels,classification,auprc,chemberta,scaffold,4,0,0.3040959917798484
cyp2c9_substrate_carbonmangels,classification,auprc,chemberta,scaffold,4,1,0.27536992022152795
cyp2c9_substrate_carbonmangels,classification,auprc,chemberta,scaffold,4,2,0.3066128771735951
cyp2c9_substrate_carbonmangels,classification,auprc,chemberta,cluster,4,0,0.17400328799807588
cyp2c9_substrate_carbonmangels,classification,auprc,chemberta,cluster,4,1,0.19493457545049173
cyp2c9_substrate_carbonmangels,classification,auprc,chemberta,cluster,4,2,0.17588644048107188
cyp2c9_veith,classification,auprc,chemberta,random,0,0,0.7719725268404957
cyp2c9_veith,classification,auprc,chemberta,random,0,1,0.7720896151210669
cyp2c9_veith,classification,auprc,chemberta,random,0,2,0.7741423385804175
cyp2c9_veith,classification,auprc,chemberta,scaffold,0,0,0.7301220585215035
cyp2c9_veith,classification,auprc,chemberta,scaffold,0,1,0.7411646857331975
cyp2c9_veith,classification,auprc,chemberta,scaffold,0,2,0.7289775536563539
cyp2c9_veith,classification,auprc,chemberta,cluster,0,0,0.684089956923672
cyp2c9_veith,classification,auprc,chemberta,cluster,0,1,0.6838286784925641
cyp2c9_veith,classification,auprc,chemberta,cluster,0,2,0.691448227399441
cyp2c9_veith,classification,auprc,chemberta,random,1,0,0.7630435159827754
cyp2c9_veith,classification,auprc,chemberta,random,1,1,0.7624300278447234
cyp2c9_veith,classification,auprc,chemberta,random,1,2,0.7763938935914527
cyp2c9_veith,classification,auprc,chemberta,scaffold,1,0,0.7509626434779053
cyp2c9_veith,classification,auprc,chemberta,scaffold,1,1,0.7331750280894673
cyp2c9_veith,classification,auprc,chemberta,scaffold,1,2,0.7440168167652981
cyp2c9_veith,classification,auprc,chemberta,cluster,1,0,0.6591612827829829
cyp2c9_veith,classification,auprc,chemberta,cluster,1,1,0.6693012380159438
cyp2c9_veith,classification,auprc,chemberta,cluster,1,2,0.6618598174660597
cyp2c9_veith,classification,auprc,chemberta,random,2,0,0.7796266314010027
cyp2c9_veith,classification,auprc,chemberta,random,2,1,0.7752497333232544
cyp2c9_veith,classification,auprc,chemberta,random,2,2,0.7768764361309237
cyp2c9_veith,classification,auprc,chemberta,scaffold,2,0,0.773897238217582
cyp2c9_veith,classification,auprc,chemberta,scaffold,2,1,0.7538196765148433
cyp2c9_veith,classification,auprc,chemberta,scaffold,2,2,0.7539972611543467
cyp2c9_veith,classification,auprc,chemberta,cluster,2,0,0.6744062462213105
cyp2c9_veith,classification,auprc,chemberta,cluster,2,1,0.6779550307204465
cyp2c9_veith,classification,auprc,chemberta,cluster,2,2,0.6742372721238077
cyp2c9_veith,classification,auprc,chemberta,random,3,0,0.7958316305323451
cyp2c9_veith,classification,auprc,chemberta,random,3,1,0.7927931338027046
cyp2c9_veith,classification,auprc,chemberta,random,3,2,0.7930063420101511
cyp2c9_veith,classification,auprc,chemberta,scaffold,3,0,0.7267495357726311
cyp2c9_veith,classification,auprc,chemberta,scaffold,3,1,0.7414264540618236
cyp2c9_veith,classification,auprc,chemberta,scaffold,3,2,0.7344609354308086
cyp2c9_veith,classification,auprc,chemberta,cluster,3,0,0.6952642783463185
cyp2c9_veith,classification,auprc,chemberta,cluster,3,1,0.6946945680459129
cyp2c9_veith,classification,auprc,chemberta,cluster,3,2,0.7019092810975469
cyp2c9_veith,classification,auprc,chemberta,random,4,0,0.7304115716210162
cyp2c9_veith,classification,auprc,chemberta,random,4,1,0.7382356502583052
cyp2c9_veith,classification,auprc,chemberta,random,4,2,0.7427771346103044
cyp2c9_veith,classification,auprc,chemberta,scaffold,4,0,0.7405369014874195
cyp2c9_veith,classification,auprc,chemberta,scaffold,4,1,0.7470788334929138
cyp2c9_veith,classification,auprc,chemberta,scaffold,4,2,0.7443047664268115
cyp2c9_veith,classification,auprc,chemberta,cluster,4,0,0.6847504849120262
cyp2c9_veith,classification,auprc,chemberta,cluster,4,1,0.6997852700574537
cyp2c9_veith,classification,auprc,chemberta,cluster,4,2,0.6957934884613264
cyp2d6_substrate_carbonmangels,classification,auprc,chemberta,random,0,0,0.6903016359393238
cyp2d6_substrate_carbonmangels,classification,auprc,chemberta,random,0,1,0.717250900162537
cyp2d6_substrate_carbonmangels,classification,auprc,chemberta,random,0,2,0.6826045247469213
cyp2d6_substrate_carbonmangels,classification,auprc,chemberta,scaffold,0,0,0.5074281544897546
cyp2d6_substrate_carbonmangels,classification,auprc,chemberta,scaffold,0,1,0.4723007282402834
cyp2d6_substrate_carbonmangels,classification,auprc,chemberta,scaffold,0,2,0.5217209999573967
cyp2d6_substrate_carbonmangels,classification,auprc,chemberta,cluster,0,0,0.5905420721269038
cyp2d6_substrate_carbonmangels,classification,auprc,chemberta,cluster,0,1,0.5604069557572459
cyp2d6_substrate_carbonmangels,classification,auprc,chemberta,cluster,0,2,0.5715280916253109
cyp2d6_substrate_carbonmangels,classification,auprc,chemberta,random,1,0,0.6656500528019775
cyp2d6_substrate_carbonmangels,classification,auprc,chemberta,random,1,1,0.6615705989141094
cyp2d6_substrate_carbonmangels,classification,auprc,chemberta,random,1,2,0.6644601201555491
cyp2d6_substrate_carbonmangels,classification,auprc,chemberta,scaffold,1,0,0.5754510380316322
cyp2d6_substrate_carbonmangels,classification,auprc,chemberta,scaffold,1,1,0.5870571215407836
cyp2d6_substrate_carbonmangels,classification,auprc,chemberta,scaffold,1,2,0.5353979739499092
cyp2d6_substrate_carbonmangels,classification,auprc,chemberta,cluster,1,0,0.43078637686722643
cyp2d6_substrate_carbonmangels,classification,auprc,chemberta,cluster,1,1,0.4352558314982121
cyp2d6_substrate_carbonmangels,classification,auprc,chemberta,cluster,1,2,0.42524771500281966
cyp2d6_substrate_carbonmangels,classification,auprc,chemberta,random,2,0,0.44286498452086537
cyp2d6_substrate_carbonmangels,classification,auprc,chemberta,random,2,1,0.4687380267154939
cyp2d6_substrate_carbonmangels,classification,auprc,chemberta,random,2,2,0.46811301418961226
cyp2d6_substrate_carbonmangels,classification,auprc,chemberta,scaffold,2,0,0.5426409829866329
cyp2d6_substrate_carbonmangels,classification,auprc,chemberta,scaffold,2,1,0.6438796468538615
cyp2d6_substrate_carbonmangels,classification,auprc,chemberta,scaffold,2,2,0.5980485384461166
cyp2d6_substrate_carbonmangels,classification,auprc,chemberta,cluster,2,0,0.546775398715929
cyp2d6_substrate_carbonmangels,classification,auprc,chemberta,cluster,2,1,0.5528093632712164
cyp2d6_substrate_carbonmangels,classification,auprc,chemberta,cluster,2,2,0.5334247048108026
cyp2d6_substrate_carbonmangels,classification,auprc,chemberta,random,3,0,0.6746066543579285
cyp2d6_substrate_carbonmangels,classification,auprc,chemberta,random,3,1,0.6509248485945899
cyp2d6_substrate_carbonmangels,classification,auprc,chemberta,random,3,2,0.6565619525429232
cyp2d6_substrate_carbonmangels,classification,auprc,chemberta,scaffold,3,0,0.4588624900287054
cyp2d6_substrate_carbonmangels,classification,auprc,chemberta,scaffold,3,1,0.4596388379853036
cyp2d6_substrate_carbonmangels,classification,auprc,chemberta,scaffold,3,2,0.42986206361152196
cyp2d6_substrate_carbonmangels,classification,auprc,chemberta,cluster,3,0,0.5549265278529367
cyp2d6_substrate_carbonmangels,classification,auprc,chemberta,cluster,3,1,0.5498831667428585
cyp2d6_substrate_carbonmangels,classification,auprc,chemberta,cluster,3,2,0.5089587428099227
cyp2d6_substrate_carbonmangels,classification,auprc,chemberta,random,4,0,0.6216998030089386
cyp2d6_substrate_carbonmangels,classification,auprc,chemberta,random,4,1,0.6167418640299143
cyp2d6_substrate_carbonmangels,classification,auprc,chemberta,random,4,2,0.6448771631176754
cyp2d6_substrate_carbonmangels,classification,auprc,chemberta,scaffold,4,0,0.49736936600128134
cyp2d6_substrate_carbonmangels,classification,auprc,chemberta,scaffold,4,1,0.5049803417400169
cyp2d6_substrate_carbonmangels,classification,auprc,chemberta,scaffold,4,2,0.4830372630707368
cyp2d6_substrate_carbonmangels,classification,auprc,chemberta,cluster,4,0,0.46126947235134264
cyp2d6_substrate_carbonmangels,classification,auprc,chemberta,cluster,4,1,0.4415900816424181
cyp2d6_substrate_carbonmangels,classification,auprc,chemberta,cluster,4,2,0.4489524748257623
cyp2d6_veith,classification,auprc,chemberta,random,0,0,0.6295455272742652
cyp2d6_veith,classification,auprc,chemberta,random,0,1,0.6410451939379589
cyp2d6_veith,classification,auprc,chemberta,random,0,2,0.6328336143328116
cyp2d6_veith,classification,auprc,chemberta,scaffold,0,0,0.5642322621882141
cyp2d6_veith,classification,auprc,chemberta,scaffold,0,1,0.5513364049817938
cyp2d6_veith,classification,auprc,chemberta,scaffold,0,2,0.5630467168541682
cyp2d6_veith,classification,auprc,chemberta,cluster,0,0,0.4703803183270292
cyp2d6_veith,classification,auprc,chemberta,cluster,0,1,0.4580004701491931
cyp2d6_veith,classification,auprc,chemberta,cluster,0,2,0.4582454346524291
cyp2d6_veith,classification,auprc,chemberta,random,1,0,0.6475381776973406
cyp2d6_veith,classification,auprc,chemberta,random,1,1,0.6456278836185948
cyp2d6_veith,classification,auprc,chemberta,random,1,2,0.6486730216438168
cyp2d6_veith,classification,auprc,chemberta,scaffold,1,0,0.523266640136705
cyp2d6_veith,classification,auprc,chemberta,scaffold,1,1,0.5230303379994045
cyp2d6_veith,classification,auprc,chemberta,scaffold,1,2,0.5273172331196467
cyp2d6_veith,classification,auprc,chemberta,cluster,1,0,0.4508809690451041
cyp2d6_veith,classification,auprc,chemberta,cluster,1,1,0.4531061680498035
cyp2d6_veith,classification,auprc,chemberta,cluster,1,2,0.45769048399234225
cyp2d6_veith,classification,auprc,chemberta,random,2,0,0.6505388098590005
cyp2d6_veith,classification,auprc,chemberta,random,2,1,0.663119156564894
cyp2d6_veith,classification,auprc,chemberta,random,2,2,0.655936150000651
cyp2d6_veith,classification,auprc,chemberta,scaffold,2,0,0.5962946851245434
cyp2d6_veith,classification,auprc,chemberta,scaffold,2,1,0.5855965739129213
cyp2d6_veith,classification,auprc,chemberta,scaffold,2,2,0.5966493408053495
cyp2d6_veith,classification,auprc,chemberta,cluster,2,0,0.45232022804365457
cyp2d6_veith,classification,auprc,chemberta,cluster,2,1,0.45925022141426736
cyp2d6_veith,classification,auprc,chemberta,cluster,2,2,0.46349748626494786
cyp2d6_veith,classification,auprc,chemberta,random,3,0,0.6422419721936556
cyp2d6_veith,classification,auprc,chemberta,random,3,1,0.6470873259471889
cyp2d6_veith,classification,auprc,chemberta,random,3,2,0.6462426440682383
cyp2d6_veith,classification,auprc,chemberta,scaffold,3,0,0.5734001049031607
cyp2d6_veith,classification,auprc,chemberta,scaffold,3,1,0.5684569981668093
cyp2d6_veith,classification,auprc,chemberta,scaffold,3,2,0.5808871361593759
cyp2d6_veith,classification,auprc,chemberta,cluster,3,0,0.46889856476395886
cyp2d6_veith,classification,auprc,chemberta,cluster,3,1,0.4801680587835959
cyp2d6_veith,classification,auprc,chemberta,cluster,3,2,0.47016739365300364
cyp2d6_veith,classification,auprc,chemberta,random,4,0,0.6696984318526172
cyp2d6_veith,classification,auprc,chemberta,random,4,1,0.6567389744982706
cyp2d6_veith,classification,auprc,chemberta,random,4,2,0.6611472833211105
cyp2d6_veith,classification,auprc,chemberta,scaffold,4,0,0.5463161776062346
cyp2d6_veith,classification,auprc,chemberta,scaffold,4,1,0.5570790490866917
cyp2d6_veith,classification,auprc,chemberta,scaffold,4,2,0.5499401970068032
cyp2d6_veith,classification,auprc,chemberta,cluster,4,0,0.43720465578099305
cyp2d6_veith,classification,auprc,chemberta,cluster,4,1,0.45778241528079266
cyp2d6_veith,classification,auprc,chemberta,cluster,4,2,0.4494807077897731
cyp3a4_substrate_carbonmangels,classification,auroc,chemberta,random,0,0,0.6907692307692308
cyp3a4_substrate_carbonmangels,classification,auroc,chemberta,random,0,1,0.6736263736263737
cyp3a4_substrate_carbonmangels,classification,auroc,chemberta,random,0,2,0.6430769230769231
cyp3a4_substrate_carbonmangels,classification,auroc,chemberta,scaffold,0,0,0.6103234381922907
cyp3a4_substrate_carbonmangels,classification,auroc,chemberta,scaffold,0,1,0.6380150642445724
cyp3a4_substrate_carbonmangels,classification,auroc,chemberta,scaffold,0,2,0.6373504652193177
cyp3a4_substrate_carbonmangels,classification,auroc,chemberta,cluster,0,0,0.6225296442687747
cyp3a4_substrate_carbonmangels,classification,auroc,chemberta,cluster,0,1,0.6181379007465965
cyp3a4_substrate_carbonmangels,classification,auroc,chemberta,cluster,0,2,0.639877031181379
cyp3a4_substrate_carbonmangels,classification,auroc,chemberta,random,1,0,0.7011418533157664
cyp3a4_substrate_carbonmangels,classification,auroc,chemberta,random,1,1,0.6884057971014492
cyp3a4_substrate_carbonmangels,classification,auroc,chemberta,random,1,2,0.6870882740447958
cyp3a4_substrate_carbonmangels,classification,auroc,chemberta,scaffold,1,0,0.562857142857143
cyp3a4_substrate_carbonmangels,classification,auroc,chemberta,scaffold,1,1,0.5307692307692308
cyp3a4_substrate_carbonmangels,classification,auroc,chemberta,scaffold,1,2,0.5323076923076924
cyp3a4_substrate_carbonmangels,classification,auroc,chemberta,cluster,1,0,0.5325274725274726
cyp3a4_substrate_carbonmangels,classification,auroc,chemberta,cluster,1,1,0.5582417582417583
cyp3a4_substrate_carbonmangels,classification,auroc,chemberta,cluster,1,2,0.5654945054945055
cyp3a4_substrate_carbonmangels,classification,auroc,chemberta,random,2,0,0.611111111111111
cyp3a4_substrate_carbonmangels,classification,auroc,chemberta,random,2,1,0.5983750548967941
cyp3a4_substrate_carbonmangels,classification,auroc,chemberta,random,2,2,0.6304347826086956
cyp3a4_substrate_carbonmangels,classification,auroc,chemberta,scaffold,2,0,0.5911091549295775
cyp3a4_substrate_carbonmangels,classification,auroc,chemberta,scaffold,2,1,0.5547975352112676
cyp3a4_substrate_carbonmangels,classification,auroc,chemberta,scaffold,2,2,0.5444542253521127
cyp3a4_substrate_carbonmangels,classification,auroc,chemberta,cluster,2,0,0.6668888888888889
cyp3a4_substrate_carbonmangels,classification,auroc,chemberta,cluster,2,1,0.6635555555555556
cyp3a4_substrate_carbonmangels,classification,auroc,chemberta,cluster,2,2,0.6377777777777778
cyp3a4_substrate_carbonmangels,classification,auroc,chemberta,random,3,0,0.6710768522779567
cyp3a4_substrate_carbonmangels,classification,auroc,chemberta,random,3,1,0.6579613437643811
cyp3a4_substrate_carbonmangels,classification,auroc,chemberta,random,3,2,0.6241371375977911
cyp3a4_substrate_carbonmangels,classification,auroc,chemberta,scaffold,3,0,0.5533362598770851
cyp3a4_substrate_carbonmangels,classification,auroc,chemberta,scaffold,3,1,0.542361720807726
cyp3a4_substrate_carbonmangels,classification,auroc,chemberta,scaffold,3,2,0.5436786654960493
cyp3a4_substrate_carbonmangels,classification,auroc,chemberta,cluster,3,0,0.5631818181818181
cyp3a4_substrate_carbonmangels,classification,auroc,chemberta,cluster,3,1,0.5588636363636363
cyp3a4_substrate_carbonmangels,classification,auroc,chemberta,cluster,3,2,0.5329545454545455
cyp3a4_substrate_carbonmangels,classification,auroc,chemberta,random,4,0,0.6075837742504409
cyp3a4_substrate_carbonmangels,classification,auroc,chemberta,random,4,1,0.6007495590828924
cyp3a4_substrate_carbonmangels,classification,auroc,chemberta,random,4,2,0.6199294532627866
cyp3a4_substrate_carbonmangels,classification,auroc,chemberta,scaffold,4,0,0.6618357487922705
cyp3a4_substrate_carbonmangels,classification,auroc,chemberta,scaffold,4,1,0.676328502415459
cyp3a4_substrate_carbonmangels,classification,auroc,chemberta,scaffold,4,2,0.7108036890645586
cyp3a4_substrate_carbonmangels,classification,auroc,chemberta,cluster,4,0,0.7051056338028169
cyp3a4_substrate_carbonmangels,classification,auroc,chemberta,cluster,4,1,0.6685739436619719
cyp3a4_substrate_carbonmangels,classification,auroc,chemberta,cluster,4,2,0.6641725352112677
cyp3a4_veith,classification,auprc,chemberta,random,0,0,0.8169713540771731
cyp3a4_veith,classification,auprc,chemberta,random,0,1,0.8158619514730037
cyp3a4_veith,classification,auprc,chemberta,random,0,2,0.818336832674463
cyp3a4_veith,classification,auprc,chemberta,scaffold,0,0,0.7713105746332787
cyp3a4_veith,classification,auprc,chemberta,scaffold,0,1,0.7758130275958204
cyp3a4_veith,classification,auprc,chemberta,scaffold,0,2,0.7783696218611054
cyp3a4_veith,classification,auprc,chemberta,cluster,0,0,0.6534221873762461
cyp3a4_veith,classification,auprc,chemberta,cluster,0,1,0.6555723520173619
cyp3a4_veith,classification,auprc,chemberta,cluster,0,2,0.6650150702377658
cyp3a4_veith,classification,auprc,chemberta,random,1,0,0.84408764148881
cyp3a4_veith,classification,auprc,chemberta,random,1,1,0.8392681945199859
cyp3a4_veith,classification,auprc,chemberta,random,1,2,0.8456785624937386
cyp3a4_veith,classification,auprc,chemberta,scaffold,1,0,0.778843866300627
cyp3a4_veith,classification,auprc,chemberta,scaffold,1,1,0.7774004485465267
cyp3a4_veith,classification,auprc,chemberta,scaffold,1,2,0.784375439213948
cyp3a4_veith,classification,auprc,chemberta,cluster,1,0,0.6286873819300075
cyp3a4_veith,classification,auprc,chemberta,cluster,1,1,0.6490966646842586
cyp3a4_veith,classification,auprc,chemberta,cluster,1,2,0.6531407239498116
cyp3a4_veith,classification,auprc,chemberta,random,2,0,0.8373158902852725
cyp3a4_veith,classification,auprc,chemberta,random,2,1,0.8317596610604926
cyp3a4_veith,classification,auprc,chemberta,random,2,2,0.8311954729060811
cyp3a4_veith,classification,auprc,chemberta,scaffold,2,0,0.7762820306009461
cyp3a4_veith,classification,auprc,chemberta,scaffold,2,1,0.7699799458568191
cyp3a4_veith,classification,auprc,chemberta,scaffold,2,2,0.7784460773234864
cyp3a4_veith,classification,auprc,chemberta,cluster,2,0,0.6523396852088482
cyp3a4_veith,classification,auprc,chemberta,cluster,2,1,0.643520691537991
cyp3a4_veith,classification,auprc,chemberta,cluster,2,2,0.6621099576288434
cyp3a4_veith,classification,auprc,chemberta,random,3,0,0.8287091650363885
cyp3a4_veith,classification,auprc,chemberta,random,3,1,0.8277251648376643
cyp3a4_veith,classification,auprc,chemberta,random,3,2,0.830956068467032
cyp3a4_veith,classification,auprc,chemberta,scaffold,3,0,0.7582448161194876
cyp3a4_veith,classification,auprc,chemberta,scaffold,3,1,0.7630899542394645
cyp3a4_veith,classification,auprc,chemberta,scaffold,3,2,0.7661713417540493
cyp3a4_veith,classification,auprc,chemberta,cluster,3,0,0.6456963434219025
cyp3a4_veith,classification,auprc,chemberta,cluster,3,1,0.6536987380252275
cyp3a4_veith,classification,auprc,chemberta,cluster,3,2,0.6504630129090414
cyp3a4_veith,classification,auprc,chemberta,random,4,0,0.8215386424829967
cyp3a4_veith,classification,auprc,chemberta,random,4,1,0.8271833160265282
cyp3a4_veith,classification,auprc,chemberta,random,4,2,0.8333112170735906
cyp3a4_veith,classification,auprc,chemberta,scaffold,4,0,0.7633821217583807
cyp3a4_veith,classification,auprc,chemberta,scaffold,4,1,0.760336708892577
cyp3a4_veith,classification,auprc,chemberta,scaffold,4,2,0.7710824393211292
cyp3a4_veith,classification,auprc,chemberta,cluster,4,0,0.6538908106145634
cyp3a4_veith,classification,auprc,chemberta,cluster,4,1,0.6529053592772969
cyp3a4_veith,classification,auprc,chemberta,cluster,4,2,0.6563203912363517
dili,classification,auroc,chemberta,random,0,0,0.8981481481481481
dili,classification,auroc,chemberta,random,0,1,0.9038800705467372
dili,classification,auroc,chemberta,random,0,2,0.9047619047619048
dili,classification,auroc,chemberta,scaffold,0,0,0.8344226579520697
dili,classification,auroc,chemberta,scaffold,0,1,0.845751633986928
dili,classification,auroc,chemberta,scaffold,0,2,0.8326797385620917
dili,classification,auroc,chemberta,cluster,0,0,0.8234265734265734
dili,classification,auroc,chemberta,cluster,0,1,0.833479020979021
dili,classification,auroc,chemberta,cluster,0,2,0.8256118881118881
dili,classification,auroc,chemberta,random,1,0,0.880709534368071
dili,classification,auroc,chemberta,random,1,1,0.8745011086474501
dili,classification,auroc,chemberta,random,1,2,0.8776053215077606
dili,classification,auroc,chemberta,scaffold,1,0,0.9122883195831525
dili,classification,auroc,chemberta,scaffold,1,1,0.8875379939209727
dili,classification,auroc,chemberta,scaffold,1,2,0.9001302648719062
dili,classification,auroc,chemberta,cluster,1,0,0.8230434782608695
dili,classification,auroc,chemberta,cluster,1,1,0.8186956521739129
dili,classification,auroc,chemberta,cluster,1,2,0.8291304347826086
dili,classification,auroc,chemberta,random,2,0,0.8669565217391304
dili,classification,auroc,chemberta,random,2,1,0.8695652173913043
dili,classification,auroc,chemberta,random,2,2,0.8839130434782609
dili,classification,auroc,chemberta,scaffold,2,0,0.7901639344262296
dili,classification,auroc,chemberta,scaffold,2,1,0.7765807962529274
dili,classification,auroc,chemberta,scaffold,2,2,0.7737704918032786
dili,classification,auroc,chemberta,cluster,2,0,0.7511940946591403
dili,classification,auroc,chemberta,cluster,2,1,0.7542336083369519
dili,classification,auroc,chemberta,cluster,2,2,0.7451150673035172
dili,classification,auroc,chemberta,random,3,0,0.8877691250572607
dili,classification,auroc,chemberta,random,3,1,0.8896014658726523
dili,classification,auroc,chemberta,random,3,2,0.8896014658726523
dili,classification,auroc,chemberta,scaffold,3,0,0.8736111111111111
dili,classification,auroc,chemberta,scaffold,3,1,0.8731481481481481
dili,classification,auroc,chemberta,scaffold,3,2,0.8763888888888889
dili,classification,auroc,chemberta,cluster,3,0,0.8521739130434783
dili,classification,auroc,chemberta,cluster,3,1,0.8404347826086956
dili,classification,auroc,chemberta,cluster,3,2,0.8486956521739131
dili,classification,auroc,chemberta,random,4,0,0.826048951048951
dili,classification,auroc,chemberta,random,4,1,0.8125
dili,classification,auroc,chemberta,random,4,2,0.8212412587412586
dili,classification,auroc,chemberta,scaffold,4,0,0.858980044345898
dili,classification,auroc,chemberta,scaffold,4,1,0.8314855875831485
dili,classification,auroc,chemberta,scaffold,4,2,0.8381374722838136
dili,classification,auroc,chemberta,cluster,4,0,0.7956521739130435
dili,classification,auroc,chemberta,cluster,4,1,0.777391304347826
dili,classification,auroc,chemberta,cluster,4,2,0.7726086956521739
half_life_obach,regression,spearman,chemberta,random,0,0,0.07463222746935333
half_life_obach,regression,spearman,chemberta,random,0,1,0.03120276604644108
half_life_obach,regression,spearman,chemberta,random,0,2,0.05475324702249998
half_life_obach,regression,spearman,chemberta,scaffold,0,0,0.2603100045963519
half_life_obach,regression,spearman,chemberta,scaffold,0,1,0.2392267074923539
half_life_obach,regression,spearman,chemberta,scaffold,0,2,0.22109153024839673
half_life_obach,regression,spearman,chemberta,cluster,0,0,0.028416658033901893
half_life_obach,regression,spearman,chemberta,cluster,0,1,0.03461425283943517
half_life_obach,regression,spearman,chemberta,cluster,0,2,0.044166280245951255
half_life_obach,regression,spearman,chemberta,random,1,0,0.3716871148986675
half_life_obach,regression,spearman,chemberta,random,1,1,0.3813121405753727
half_life_obach,regression,spearman,chemberta,random,1,2,0.33874902495656634
half_life_obach,regression,spearman,chemberta,scaffold,1,0,0.3127998533982368
half_life_obach,regression,spearman,chemberta,scaffold,1,1,0.29544273018098843
half_life_obach,regression,spearman,chemberta,scaffold,1,2,0.23990691963992636
half_life_obach,regression,spearman,chemberta,cluster,1,0,0.05221854656212765
half_life_obach,regression,spearman,chemberta,cluster,1,1,0.05827167798049149
half_life_obach,regression,spearman,chemberta,cluster,1,2,0.05444326564955268
half_life_obach,regression,spearman,chemberta,random,2,0,0.25901317386320494
half_life_obach,regression,spearman,chemberta,random,2,1,0.23308167747271732
half_life_obach,regression,spearman,chemberta,random,2,2,0.30601759638654125
half_life_obach,regression,spearman,chemberta,scaffold,2,0,0.22194592100740138
half_life_obach,regression,spearman,chemberta,scaffold,2,1,0.13181219193875462
half_life_obach,regression,spearman,chemberta,scaffold,2,2,0.1911447637373259
half_life_obach,regression,spearman,chemberta,cluster,2,0,0.00792863979486099
half_life_obach,regression,spearman,chemberta,cluster,2,1,0.15455984168837072
half_life_obach,regression,spearman,chemberta,cluster,2,2,0.11223552041791113
half_life_obach,regression,spearman,chemberta,random,3,0,0.404128920178692
half_life_obach,regression,spearman,chemberta,random,3,1,0.3790162196619612
half_life_obach,regression,spearman,chemberta,random,3,2,0.3246107723412774
half_life_obach,regression,spearman,chemberta,scaffold,3,0,0.2508729328767946
half_life_obach,regression,spearman,chemberta,scaffold,3,1,0.25078314567185195
half_life_obach,regression,spearman,chemberta,scaffold,3,2,0.26929676851321754
half_life_obach,regression,spearman,chemberta,cluster,3,0,0.04682465272720963
half_life_obach,regression,spearman,chemberta,cluster,3,1,0.06892638761235113
half_life_obach,regression,spearman,chemberta,cluster,3,2,0.024685507999676212
half_life_obach,regression,spearman,chemberta,random,4,0,0.18954775186851006
half_life_obach,regression,spearman,chemberta,random,4,1,0.24405130438947434
half_life_obach,regression,spearman,chemberta,random,4,2,0.31033253286705564
half_life_obach,regression,spearman,chemberta,scaffold,4,0,0.1313109656003518
half_life_obach,regression,spearman,chemberta,scaffold,4,1,0.16920107157388492
half_life_obach,regression,spearman,chemberta,scaffold,4,2,0.14469670801477727
half_life_obach,regression,spearman,chemberta,cluster,4,0,0.16246838890197915
half_life_obach,regression,spearman,chemberta,cluster,4,1,0.14105218062938968
half_life_obach,regression,spearman,chemberta,cluster,4,2,0.09753141268287914
herg,classification,auroc,chemberta,random,0,0,0.8589285714285715
herg,classification,auroc,chemberta,random,0,1,0.8690934065934066
herg,classification,auroc,chemberta,random,0,2,0.864423076923077
herg,classification,auroc,chemberta,scaffold,0,0,0.8994832041343669
herg,classification,auroc,chemberta,scaffold,0,1,0.8906976744186046
herg,classification,auroc,chemberta,scaffold,0,2,0.8829457364341086
herg,classification,auroc,chemberta,cluster,0,0,0.776844070961718
herg,classification,auroc,chemberta,cluster,0,1,0.7913165266106442
herg,classification,auroc,chemberta,cluster,0,2,0.7810457516339869
herg,classification,auroc,chemberta,random,1,0,0.8505572441742654
herg,classification,auroc,chemberta,random,1,1,0.8520770010131712
herg,classification,auroc,chemberta,random,1,2,0.8449848024316109
herg,classification,auroc,chemberta,scaffold,1,0,0.8800245098039216
herg,classification,auroc,chemberta,scaffold,1,1,0.8871323529411764
herg,classification,auroc,chemberta,scaffold,1,2,0.8795343137254902
herg,classification,auroc,chemberta,cluster,1,0,0.759794776119403
herg,classification,auroc,chemberta,cluster,1,1,0.7607276119402985
herg,classification,auroc,chemberta,cluster,1,2,0.769356343283582
herg,classification,auroc,chemberta,random,2,0,0.7809152872444011
herg,classification,auroc,chemberta,random,2,1,0.7882181110029212
herg,classification,auroc,chemberta,random,2,2,0.7826192794547224
herg,classification,auroc,chemberta,scaffold,2,0,0.86952288218111
herg,classification,auroc,chemberta,scaffold,2,1,0.8809639727361246
herg,classification,auroc,chemberta,scaffold,2,2,0.8743914313534566
herg,classification,auroc,chemberta,cluster,2,0,0.7975909305621162
herg,classification,auroc,chemberta,cluster,2,1,0.8027869626830421
herg,classification,auroc,chemberta,cluster,2,2,0.8037316957959377
herg,classification,auroc,chemberta,random,3,0,0.8497770345596433
herg,classification,auroc,chemberta,random,3,1,0.8311036789297659
herg,classification,auroc,chemberta,random,3,2,0.8375139353400223
herg,classification,auroc,chemberta,scaffold,3,0,0.9029286726499763
herg,classification,auroc,chemberta,scaffold,3,1,0.8852149267831837
herg,classification,auroc,chemberta,scaffold,3,2,0.875059045819556
herg,classification,auroc,chemberta,cluster,3,0,0.8048552754435108
herg,classification,auroc,chemberta,cluster,3,1,0.8095238095238095
herg,classification,auroc,chemberta,cluster,3,2,0.7969187675070029
herg,classification,auroc,chemberta,random,4,0,0.8679945054945055
herg,classification,auroc,chemberta,random,4,1,0.8531593406593406
herg,classification,auroc,chemberta,random,4,2,0.8440934065934066
herg,classification,auroc,chemberta,scaffold,4,0,0.896633475580844
herg,classification,auroc,chemberta,scaffold,4,1,0.8926031294452347
herg,classification,auroc,chemberta,scaffold,4,2,0.8862019914651494
herg,classification,auroc,chemberta,cluster,4,0,0.7814832089552238
herg,classification,auroc,chemberta,cluster,4,1,0.7980410447761194
herg,classification,auroc,chemberta,cluster,4,2,0.785214552238806
hia_hou,classification,auroc,chemberta,random,0,0,0.9774774774774775
hia_hou,classification,auroc,chemberta,random,0,1,0.981981981981982
hia_hou,classification,auroc,chemberta,random,0,2,0.9744744744744746
hia_hou,classification,auroc,chemberta,scaffold,0,0,0.8229411764705883
hia_hou,classification,auroc,chemberta,scaffold,0,1,0.8564705882352941
hia_hou,classification,auroc,chemberta,scaffold,0,2,0.8288235294117647
hia_hou,classification,auroc,chemberta,cluster,0,0,0.8994117647058824
hia_hou,classification,auroc,chemberta,cluster,0,1,0.8823529411764706
hia_hou,classification,auroc,chemberta,cluster,0,2,0.8894117647058823
hia_hou,classification,auroc,chemberta,random,1,0,0.8541176470588235
hia_hou,classification,auroc,chemberta,random,1,1,0.8547058823529412
hia_hou,classification,auroc,chemberta,random,1,2,0.8529411764705882
hia_hou,classification,auroc,chemberta,scaffold,1,0,0.7756706753006476
hia_hou,classification,auroc,chemberta,scaffold,1,1,0.7645698427382054
hia_hou,classification,auroc,chemberta,scaffold,1,2,0.7872340425531915
hia_hou,classification,auroc,chemberta,cluster,1,0,0.8461538461538461
hia_hou,classification,auroc,chemberta,cluster,1,1,0.8557692307692307
hia_hou,classification,auroc,chemberta,cluster,1,2,0.8690828402366865
hia_hou,classification,auroc,chemberta,random,2,0,0.9595238095238096
hia_hou,classification,auroc,chemberta,random,2,1,0.9611111111111111
hia_hou,classification,auroc,chemberta,random,2,2,0.9507936507936507
hia_hou,classification,auroc,chemberta,scaffold,2,0,0.8737916219119226
hia_hou,classification,auroc,chemberta,scaffold,2,1,0.8754027926960258
hia_hou,classification,auroc,chemberta,scaffold,2,2,0.868421052631579
hia_hou,classification,auroc,chemberta,cluster,2,0,0.9105029585798817
hia_hou,classification,auroc,chemberta,cluster,2,1,0.9075443786982248
hia_hou,classification,auroc,chemberta,cluster,2,2,0.9068047337278106
hia_hou,classification,auroc,chemberta,random,3,0,0.9622524752475248
hia_hou,classification,auroc,chemberta,random,3,1,0.9461633663366337
hia_hou,classification,auroc,chemberta,random,3,2,0.9579207920792079
hia_hou,classification,auroc,chemberta,scaffold,3,0,0.9099485420240138
hia_hou,classification,auroc,chemberta,scaffold,3,1,0.91852487135506
hia_hou,classification,auroc,chemberta,scaffold,3,2,0.9228130360205832
hia_hou,classification,auroc,chemberta,cluster,3,0,0.9073756432246999
hia_hou,classification,auroc,chemberta,cluster,3,1,0.8902229845626073
hia_hou,classification,auroc,chemberta,cluster,3,2,0.8996569468267581
hia_hou,classification,auroc,chemberta,random,4,0,0.9614065180102916
hia_hou,classification,auroc,chemberta,random,4,1,0.9716981132075472
hia_hou,classification,auroc,chemberta,random,4,2,0.9622641509433962
hia_hou,classification,auroc,chemberta,scaffold,4,0,0.8485499462943071
hia_hou,classification,auroc,chemberta,scaffold,4,1,0.8598281417830289
hia_hou,classification,auroc,chemberta,scaffold,4,2,0.8490870032223417
hia_hou,classification,auroc,chemberta,cluster,4,0,0.9388888888888889
hia_hou,classification,auroc,chemberta,cluster,4,1,0.9460317460317461
hia_hou,classification,auroc,chemberta,cluster,4,2,0.9412698412698413
ld50_zhu,regression,mae,chemberta,random,0,0,0.48450403749545146
ld50_zhu,regression,mae,chemberta,random,0,1,0.4691609343300879
ld50_zhu,regression,mae,chemberta,random,0,2,0.47529409894560204
ld50_zhu,regression,mae,chemberta,scaffold,0,0,0.5359176647051246
ld50_zhu,regression,mae,chemberta,scaffold,0,1,0.5308802579035151
ld50_zhu,regression,mae,chemberta,scaffold,0,2,0.5271814932209687
ld50_zhu,regression,mae,chemberta,cluster,0,0,0.5851606137871012
ld50_zhu,regression,mae,chemberta,cluster,0,1,0.5800682848066274
ld50_zhu,regression,mae,chemberta,cluster,0,2,0.5843589377055938
ld50_zhu,regression,mae,chemberta,random,1,0,0.4877566847192043
ld50_zhu,regression,mae,chemberta,random,1,1,0.49449584471419306
ld50_zhu,regression,mae,chemberta,random,1,2,0.4918064122038794
ld50_zhu,regression,mae,chemberta,scaffold,1,0,0.550081027889836
ld50_zhu,regression,mae,chemberta,scaffold,1,1,0.5554980993407206
ld50_zhu,regression,mae,chemberta,scaffold,1,2,0.5614243042051914
ld50_zhu,regression,mae,chemberta,cluster,1,0,0.5820035940213135
ld50_zhu,regression,mae,chemberta,cluster,1,1,0.5718667683513737
ld50_zhu,regression,mae,chemberta,cluster,1,2,0.5845021861110762
ld50_zhu,regression,mae,chemberta,random,2,0,0.4884170004628482
ld50_zhu,regression,mae,chemberta,random,2,1,0.4809577445198356
ld50_zhu,regression,mae,chemberta,random,2,2,0.4816669150840027
ld50_zhu,regression,mae,chemberta,scaffold,2,0,0.5387597606417434
ld50_zhu,regression,mae,chemberta,scaffold,2,1,0.5399479233730075
ld50_zhu,regression,mae,chemberta,scaffold,2,2,0.5458924662711427
ld50_zhu,regression,mae,chemberta,cluster,2,0,0.5888883097741456
ld50_zhu,regression,mae,chemberta,cluster,2,1,0.5789821184507595
ld50_zhu,regression,mae,chemberta,cluster,2,2,0.5803702292542947
ld50_zhu,regression,mae,chemberta,random,3,0,0.496273120131167
ld50_zhu,regression,mae,chemberta,random,3,1,0.4968667076708969
ld50_zhu,regression,mae,chemberta,random,3,2,0.4957753763733361
ld50_zhu,regression,mae,chemberta,scaffold,3,0,0.5179911506992364
ld50_zhu,regression,mae,chemberta,scaffold,3,1,0.5263175672069547
ld50_zhu,regression,mae,chemberta,scaffold,3,2,0.5286890583421358
ld50_zhu,regression,mae,chemberta,cluster,3,0,0.5765901825978206
ld50_zhu,regression,mae,chemberta,cluster,3,1,0.5706420924035444
ld50_zhu,regression,mae,chemberta,cluster,3,2,0.5757801747507105
ld50_zhu,regression,mae,chemberta,random,4,0,0.5021632362661758
ld50_zhu,regression,mae,chemberta,random,4,1,0.502246747011064
ld50_zhu,regression,mae,chemberta,random,4,2,0.5017296187814357
ld50_zhu,regression,mae,chemberta,scaffold,4,0,0.5259117882217657
ld50_zhu,regression,mae,chemberta,scaffold,4,1,0.5349378304621085
ld50_zhu,regression,mae,chemberta,scaffold,4,2,0.5306318303212737
ld50_zhu,regression,mae,chemberta,cluster,4,0,0.589662960230371
ld50_zhu,regression,mae,chemberta,cluster,4,1,0.5719427528816312
ld50_zhu,regression,mae,chemberta,cluster,4,2,0.5749294040100845
lipophilicity_astrazeneca,regression,mae,chemberta,random,0,0,0.5629198981039226
lipophilicity_astrazeneca,regression,mae,chemberta,random,0,1,0.5457508673582314
lipophilicity_astrazeneca,regression,mae,chemberta,random,0,2,0.5594545850349325
lipophilicity_astrazeneca,regression,mae,chemberta,scaffold,0,0,0.7102428118392292
lipophilicity_astrazeneca,regression,mae,chemberta,scaffold,0,1,0.7087427038215544
lipophilicity_astrazeneca,regression,mae,chemberta,scaffold,0,2,0.7003864652909605
lipophilicity_astrazeneca,regression,mae,chemberta,cluster,0,0,0.8541596075934358
lipophilicity_astrazeneca,regression,mae,chemberta,cluster,0,1,0.837879132376895
lipophilicity_astrazeneca,regression,mae,chemberta,cluster,0,2,0.830928921399372
lipophilicity_astrazeneca,regression,mae,chemberta,random,1,0,0.6057397505394405
lipophilicity_astrazeneca,regression,mae,chemberta,random,1,1,0.6164710338941465
lipophilicity_astrazeneca,regression,mae,chemberta,random,1,2,0.6015235539649036
lipophilicity_astrazeneca,regression,mae,chemberta,scaffold,1,0,0.6725316815496024
lipophilicity_astrazeneca,regression,mae,chemberta,scaffold,1,1,0.673393105003129
lipophilicity_astrazeneca,regression,mae,chemberta,scaffold,1,2,0.6897719064681301
lipophilicity_astrazeneca,regression,mae,chemberta,cluster,1,0,0.8457601990263822
lipophilicity_astrazeneca,regression,mae,chemberta,cluster,1,1,0.856373397874646
lipophilicity_astrazeneca,regression,mae,chemberta,cluster,1,2,0.8359236817344402
lipophilicity_astrazeneca,regression,mae,chemberta,random,2,0,0.6105717004284794
lipophilicity_astrazeneca,regression,mae,chemberta,random,2,1,0.6153102941011035
lipophilicity_astrazeneca,regression,mae,chemberta,random,2,2,0.6284596346817645
lipophilicity_astrazeneca,regression,mae,chemberta,scaffold,2,0,0.6936731094065167
lipophilicity_astrazeneca,regression,mae,chemberta,scaffold,2,1,0.6922007709776462
lipophilicity_astrazeneca,regression,mae,chemberta,scaffold,2,2,0.690056655100569
lipophilicity_astrazeneca,regression,mae,chemberta,cluster,2,0,0.857135268582275
lipophilicity_astrazeneca,regression,mae,chemberta,cluster,2,1,0.8356121719477787
lipophilicity_astrazeneca,regression,mae,chemberta,cluster,2,2,0.8564479835379337
lipophilicity_astrazeneca,regression,mae,chemberta,random,3,0,0.5964318125637337
lipophilicity_astrazeneca,regression,mae,chemberta,random,3,1,0.5873771891036914
lipophilicity_astrazeneca,regression,mae,chemberta,random,3,2,0.5935168826441679
lipophilicity_astrazeneca,regression,mae,chemberta,scaffold,3,0,0.7188502084495767
lipophilicity_astrazeneca,regression,mae,chemberta,scaffold,3,1,0.7002818929890081
lipophilicity_astrazeneca,regression,mae,chemberta,scaffold,3,2,0.7088377295853128
lipophilicity_astrazeneca,regression,mae,chemberta,cluster,3,0,0.8338158756070992
lipophilicity_astrazeneca,regression,mae,chemberta,cluster,3,1,0.83739055961743
lipophilicity_astrazeneca,regression,mae,chemberta,cluster,3,2,0.8311705014719074
lipophilicity_astrazeneca,regression,mae,chemberta,random,4,0,0.6065395691878207
lipophilicity_astrazeneca,regression,mae,chemberta,random,4,1,0.5933750625535226
lipophilicity_astrazeneca,regression,mae,chemberta,random,4,2,0.5942271907831476
lipophilicity_astrazeneca,regression,mae,chemberta,scaffold,4,0,0.671046273519019
lipophilicity_astrazeneca,regression,mae,chemberta,scaffold,4,1,0.6821112746145754
lipophilicity_astrazeneca,regression,mae,chemberta,scaffold,4,2,0.6839954200564397
lipophilicity_astrazeneca,regression,mae,chemberta,cluster,4,0,0.8486128550637458
lipophilicity_astrazeneca,regression,mae,chemberta,cluster,4,1,0.853381161722044
lipophilicity_astrazeneca,regression,mae,chemberta,cluster,4,2,0.8402493376813251
pgp_broccatelli,classification,auroc,chemberta,random,0,0,0.9317934782608697
pgp_broccatelli,classification,auroc,chemberta,random,0,1,0.9283288043478262
pgp_broccatelli,classification,auroc,chemberta,random,0,2,0.9277173913043479
pgp_broccatelli,classification,auroc,chemberta,scaffold,0,0,0.8993788819875778
pgp_broccatelli,classification,auroc,chemberta,scaffold,0,1,0.8991028295376121
pgp_broccatelli,classification,auroc,chemberta,scaffold,0,2,0.8991028295376122
pgp_broccatelli,classification,auroc,chemberta,cluster,0,0,0.8081237911025144
pgp_broccatelli,classification,auroc,chemberta,cluster,0,1,0.7906189555125726
pgp_broccatelli,classification,auroc,chemberta,cluster,0,2,0.7995164410058028
pgp_broccatelli,classification,auroc,chemberta,random,1,0,0.937543133195307
pgp_broccatelli,classification,auroc,chemberta,random,1,1,0.9391304347826087
pgp_broccatelli,classification,auroc,chemberta,random,1,2,0.9385093167701863
pgp_broccatelli,classification,auroc,chemberta,scaffold,1,0,0.9145380434782608
pgp_broccatelli,classification,auroc,chemberta,scaffold,1,1,0.9128396739130435
pgp_broccatelli,classification,auroc,chemberta,scaffold,1,2,0.9156929347826087
pgp_broccatelli,classification,auroc,chemberta,cluster,1,0,0.8046673286991063
pgp_broccatelli,classification,auroc,chemberta,cluster,1,1,0.8102284011916584
pgp_broccatelli,classification,auroc,chemberta,cluster,1,2,0.8086395233366435
pgp_broccatelli,classification,auroc,chemberta,random,2,0,0.9333561175666439
pgp_broccatelli,classification,auroc,chemberta,random,2,1,0.9287081339712917
pgp_broccatelli,classification,auroc,chemberta,random,2,2,0.9345864661654135
pgp_broccatelli,classification,auroc,chemberta,scaffold,2,0,0.9217267552182163
pgp_broccatelli,classification,auroc,chemberta,scaffold,2,1,0.919083762537273
pgp_broccatelli,classification,auroc,chemberta,scaffold,2,2,0.9187449173217676
pgp_broccatelli,classification,auroc,chemberta,cluster,2,0,0.8134061569016882
pgp_broccatelli,classification,auroc,chemberta,cluster,2,1,0.8122144985104269
pgp_broccatelli,classification,auroc,chemberta,cluster,2,2,0.8217477656405163
pgp_broccatelli,classification,auroc,chemberta,random,3,0,0.9364745762711866
pgp_broccatelli,classification,auroc,chemberta,random,3,1,0.9429830508474576
pgp_broccatelli,classification,auroc,chemberta,random,3,2,0.9374237288135593
pgp_broccatelli,classification,auroc,chemberta,scaffold,3,0,0.9282246879334259
pgp_broccatelli,classification,auroc,chemberta,scaffold,3,1,0.9246879334257974
pgp_broccatelli,classification,auroc,chemberta,scaffold,3,2,0.9217753120665743
pgp_broccatelli,classification,auroc,chemberta,cluster,3,0,0.7887635924285139
pgp_broccatelli,classification,auroc,chemberta,cluster,3,1,0.808598469593234
pgp_broccatelli,classification,auroc,chemberta,cluster,3,2,0.7999395892066049
pgp_broccatelli,classification,auroc,chemberta,random,4,0,0.9471744471744471
pgp_broccatelli,classification,auroc,chemberta,random,4,1,0.9454681954681955
pgp_broccatelli,classification,auroc,chemberta,random,4,2,0.9391891891891893
pgp_broccatelli,classification,auroc,chemberta,scaffold,4,0,0.8672839506172839
pgp_broccatelli,classification,auroc,chemberta,scaffold,4,1,0.8681755829903978
pgp_broccatelli,classification,auroc,chemberta,scaffold,4,2,0.8732510288065843
pgp_broccatelli,classification,auroc,chemberta,cluster,4,0,0.8030784508440914
pgp_broccatelli,classification,auroc,chemberta,cluster,4,1,0.7943396226415095
pgp_broccatelli,classification,auroc,chemberta,cluster,4,2,0.7966236345580934
ppbr_az,regression,mae,chemberta,random,0,0,9.63450138461887
ppbr_az,regression,mae,chemberta,random,0,1,9.379679931894234
ppbr_az,regression,mae,chemberta,random,0,2,9.33863958497897
ppbr_az,regression,mae,chemberta,scaffold,0,0,11.66686635095767
ppbr_az,regression,mae,chemberta,scaffold,0,1,11.302983184279057
ppbr_az,regression,mae,chemberta,scaffold,0,2,11.779553590952414
ppbr_az,regression,mae,chemberta,cluster,0,0,13.898312064863857
ppbr_az,regression,mae,chemberta,cluster,0,1,13.782130487922815
ppbr_az,regression,mae,chemberta,cluster,0,2,14.150936489228506
ppbr_az,regression,mae,chemberta,random,1,0,9.841571759591142
ppbr_az,regression,mae,chemberta,random,1,1,9.82288513626
ppbr_az,regression,mae,chemberta,random,1,2,9.943894502620399
ppbr_az,regression,mae,chemberta,scaffold,1,0,11.354085548379743
ppbr_az,regression,mae,chemberta,scaffold,1,1,11.024073953813463
ppbr_az,regression,mae,chemberta,scaffold,1,2,11.45608330808518
ppbr_az,regression,mae,chemberta,cluster,1,0,14.32408991030819
ppbr_az,regression,mae,chemberta,cluster,1,1,13.832620518368257
ppbr_az,regression,mae,chemberta,cluster,1,2,14.270040192749363
ppbr_az,regression,mae,chemberta,random,2,0,10.024894345073047
ppbr_az,regression,mae,chemberta,random,2,1,9.729405210570725
ppbr_az,regression,mae,chemberta,random,2,2,9.821406778069635
ppbr_az,regression,mae,chemberta,scaffold,2,0,10.931767472736503
ppbr_az,regression,mae,chemberta,scaffold,2,1,11.066398796018142
ppbr_az,regression,mae,chemberta,scaffold,2,2,11.103923214941474
ppbr_az,regression,mae,chemberta,cluster,2,0,14.129590839586761
ppbr_az,regression,mae,chemberta,cluster,2,1,14.382428386543817
ppbr_az,regression,mae,chemberta,cluster,2,2,14.254156800443555
ppbr_az,regression,mae,chemberta,random,3,0,9.498940855693728
ppbr_az,regression,mae,chemberta,random,3,1,10.213481720562458
ppbr_az,regression,mae,chemberta,random,3,2,9.673413897569821
ppbr_az,regression,mae,chemberta,scaffold,3,0,10.831518615976265
ppbr_az,regression,mae,chemberta,scaffold,3,1,10.483914793090257
ppbr_az,regression,mae,chemberta,scaffold,3,2,10.76550839622265
ppbr_az,regression,mae,chemberta,cluster,3,0,13.350122442412793
ppbr_az,regression,mae,chemberta,cluster,3,1,13.500053066207872
ppbr_az,regression,mae,chemberta,cluster,3,2,13.592717877473415
ppbr_az,regression,mae,chemberta,random,4,0,9.012788381138007
ppbr_az,regression,mae,chemberta,random,4,1,9.498707590175357
ppbr_az,regression,mae,chemberta,random,4,2,9.37447597404332
ppbr_az,regression,mae,chemberta,scaffold,4,0,10.73199932616173
ppbr_az,regression,mae,chemberta,scaffold,4,1,10.648715591923793
ppbr_az,regression,mae,chemberta,scaffold,4,2,10.879508109898447
ppbr_az,regression,mae,chemberta,cluster,4,0,13.635659158553441
ppbr_az,regression,mae,chemberta,cluster,4,1,13.827271550144184
ppbr_az,regression,mae,chemberta,cluster,4,2,14.035698834786455
solubility_aqsoldb,regression,mae,chemberta,random,0,0,0.8698714735775245
solubility_aqsoldb,regression,mae,chemberta,random,0,1,0.8665817460212131
solubility_aqsoldb,regression,mae,chemberta,random,0,2,0.8643008051424274
solubility_aqsoldb,regression,mae,chemberta,scaffold,0,0,1.0210219803204637
solubility_aqsoldb,regression,mae,chemberta,scaffold,0,1,1.0306039382765635
solubility_aqsoldb,regression,mae,chemberta,scaffold,0,2,1.0313144334270867
solubility_aqsoldb,regression,mae,chemberta,cluster,0,0,1.1965837263762285
solubility_aqsoldb,regression,mae,chemberta,cluster,0,1,1.214456289130619
solubility_aqsoldb,regression,mae,chemberta,cluster,0,2,1.2212484149299672
solubility_aqsoldb,regression,mae,chemberta,random,1,0,0.8373838083264376
solubility_aqsoldb,regression,mae,chemberta,random,1,1,0.836396268797591
solubility_aqsoldb,regression,mae,chemberta,random,1,2,0.8318578137129894
solubility_aqsoldb,regression,mae,chemberta,scaffold,1,0,1.0330407992739425
solubility_aqsoldb,regression,mae,chemberta,scaffold,1,1,1.0473312562067
solubility_aqsoldb,regression,mae,chemberta,scaffold,1,2,1.0262972175140466
solubility_aqsoldb,regression,mae,chemberta,cluster,1,0,1.1940870274523363
solubility_aqsoldb,regression,mae,chemberta,cluster,1,1,1.1986261133765999
solubility_aqsoldb,regression,mae,chemberta,cluster,1,2,1.2026605163229735
solubility_aqsoldb,regression,mae,chemberta,random,2,0,0.8824314405983634
solubility_aqsoldb,regression,mae,chemberta,random,2,1,0.8874196402490611
solubility_aqsoldb,regression,mae,chemberta,random,2,2,0.8749639183295439
solubility_aqsoldb,regression,mae,chemberta,scaffold,2,0,1.0404874523348457
solubility_aqsoldb,regression,mae,chemberta,scaffold,2,1,1.0377385813728495
solubility_aqsoldb,regression,mae,chemberta,scaffold,2,2,1.0346128493370477
solubility_aqsoldb,regression,mae,chemberta,cluster,2,0,1.180924166816649
solubility_aqsoldb,regression,mae,chemberta,cluster,2,1,1.2053700981960542
solubility_aqsoldb,regression,mae,chemberta,cluster,2,2,1.1812250497729408
solubility_aqsoldb,regression,mae,chemberta,random,3,0,0.8508667498074112
solubility_aqsoldb,regression,mae,chemberta,random,3,1,0.8336559981515479
solubility_aqsoldb,regression,mae,chemberta,random,3,2,0.8508097357359103
solubility_aqsoldb,regression,mae,chemberta,scaffold,3,0,1.0402206562650547
solubility_aqsoldb,regression,mae,chemberta,scaffold,3,1,1.0445641361396412
solubility_aqsoldb,regression,mae,chemberta,scaffold,3,2,1.035753566898993
solubility_aqsoldb,regression,mae,chemberta,cluster,3,0,1.2015844343594033
solubility_aqsoldb,regression,mae,chemberta,cluster,3,1,1.2172518486333221
solubility_aqsoldb,regression,mae,chemberta,cluster,3,2,1.2022115744069255
solubility_aqsoldb,regression,mae,chemberta,random,4,0,0.8494998716445663
solubility_aqsoldb,regression,mae,chemberta,random,4,1,0.8323295080716449
solubility_aqsoldb,regression,mae,chemberta,random,4,2,0.8305060606806894
solubility_aqsoldb,regression,mae,chemberta,scaffold,4,0,1.017531956242486
solubility_aqsoldb,regression,mae,chemberta,scaffold,4,1,1.0197571273464554
solubility_aqsoldb,regression,mae,chemberta,scaffold,4,2,1.0183331995060678
solubility_aqsoldb,regression,mae,chemberta,cluster,4,0,1.203395669655511
solubility_aqsoldb,regression,mae,chemberta,cluster,4,1,1.2065033853355585
solubility_aqsoldb,regression,mae,chemberta,cluster,4,2,1.2231355590207658
vdss_lombardo,regression,spearman,chemberta,random,0,0,0.47920381867838685
vdss_lombardo,regression,spearman,chemberta,random,0,1,0.4363628508653154
vdss_lombardo,regression,spearman,chemberta,random,0,2,0.3651408849620414
vdss_lombardo,regression,spearman,chemberta,scaffold,0,0,0.4714941921649398
vdss_lombardo,regression,spearman,chemberta,scaffold,0,1,0.4369911329907946
vdss_lombardo,regression,spearman,chemberta,scaffold,0,2,0.4359506031893067
vdss_lombardo,regression,spearman,chemberta,cluster,0,0,0.25838346360167813
vdss_lombardo,regression,spearman,chemberta,cluster,0,1,0.282008584879138
vdss_lombardo,regression,spearman,chemberta,cluster,0,2,0.3384806437029357
vdss_lombardo,regression,spearman,chemberta,random,1,0,0.5306289873598903
vdss_lombardo,regression,spearman,chemberta,random,1,1,0.5265712757485763
vdss_lombardo,regression,spearman,chemberta,random,1,2,0.5448604679691941
vdss_lombardo,regression,spearman,chemberta,scaffold,1,0,0.4889110747891093
vdss_lombardo,regression,spearman,chemberta,scaffold,1,1,0.4910630088016489
vdss_lombardo,regression,spearman,chemberta,scaffold,1,2,0.46133255511319293
vdss_lombardo,regression,spearman,chemberta,cluster,1,0,0.27652099752098375
vdss_lombardo,regression,spearman,chemberta,cluster,1,1,0.250524272753947
vdss_lombardo,regression,spearman,chemberta,cluster,1,2,0.29658819852811386
vdss_lombardo,regression,spearman,chemberta,random,2,0,0.43881180414314236
vdss_lombardo,regression,spearman,chemberta,random,2,1,0.45048718350680433
vdss_lombardo,regression,spearman,chemberta,random,2,2,0.4611122819535238
vdss_lombardo,regression,spearman,chemberta,scaffold,2,0,0.3989432371150421
vdss_lombardo,regression,spearman,chemberta,scaffold,2,1,0.38208533745301293
vdss_lombardo,regression,spearman,chemberta,scaffold,2,2,0.37237912643913146
vdss_lombardo,regression,spearman,chemberta,cluster,2,0,0.31799213772595214
vdss_lombardo,regression,spearman,chemberta,cluster,2,1,0.2879652014762205
vdss_lombardo,regression,spearman,chemberta,cluster,2,2,0.3847573215911153
vdss_lombardo,regression,spearman,chemberta,random,3,0,0.4708083042056662
vdss_lombardo,regression,spearman,chemberta,random,3,1,0.48267945364626735
vdss_lombardo,regression,spearman,chemberta,random,3,2,0.46367771451022705
vdss_lombardo,regression,spearman,chemberta,scaffold,3,0,0.41026402772046755
vdss_lombardo,regression,spearman,chemberta,scaffold,3,1,0.4007500582744249
vdss_lombardo,regression,spearman,chemberta,scaffold,3,2,0.4466290021025517
vdss_lombardo,regression,spearman,chemberta,cluster,3,0,0.3004688645655593
vdss_lombardo,regression,spearman,chemberta,cluster,3,1,0.36030269272431253
vdss_lombardo,regression,spearman,chemberta,cluster,3,2,0.31284978863816354
vdss_lombardo,regression,spearman,chemberta,random,4,0,0.5173353256346508
vdss_lombardo,regression,spearman,chemberta,random,4,1,0.4404328876820799
vdss_lombardo,regression,spearman,chemberta,random,4,2,0.4598174896781637
vdss_lombardo,regression,spearman,chemberta,scaffold,4,0,0.4992147451847134
vdss_lombardo,regression,spearman,chemberta,scaffold,4,1,0.44437428387007377
vdss_lombardo,regression,spearman,chemberta,scaffold,4,2,0.45719376655878685
vdss_lombardo,regression,spearman,chemberta,cluster,4,0,0.328973288192363
vdss_lombardo,regression,spearman,chemberta,cluster,4,1,0.29461002732892316
vdss_lombardo,regression,spearman,chemberta,cluster,4,2,0.25231378636063057
